distribution,rows,dimension,median_maximum_probability,mean_maximum_probability,median_entropy,median_effective_count
gaussian,2500,64,0.09889868073235444,0.10923933149664472,3.6933696128615887,27.75715726154484
rademacher,2500,64,0.0886411235855192,0.09326226655036393,3.711481804773698,29.227973637878982
uniform,2500,64,0.09239064172983569,0.10009376170819644,3.707702413043386,28.78323135839857
laplace,2500,64,0.10845257764820972,0.1259336168035658,3.676163198668002,26.35735748295897
student8,2500,64,0.10322218779989872,0.11802832873297565,3.6876004304579357,27.196275389961208
