path,bytes,sha256
article/ERRATUM_A8_1.md,760,1ded039486f20443d1b6002b10d7b6e911d8024924768d2ed0d8080d371c475c
article/legacy_conceptual_essay_pt/campo_modal_pre_categorial.pdf,210414,535f40f69624ad0651bb1df0e0cd4ac8cc0aef581b29363a5744efd5929f1197
article/legacy_conceptual_essay_pt/campo_modal_pre_categorial.tex,24706,c9b9ab5049fa31962bf50e4d3cc43470572e6471b28acc5ff091f5646b8cef73
article/preprint_v1_superseded/Modal_Field_PreCategorical_Framework_Romero_2026.pdf,1329282,c1fac998b7491e4204a1ee1a0015d386a3a6d0d403d3747a8aeb853772120fbb
article/README.md,617,9ab628bc3c93cb75d8da964651c17a4a4fb4791c6812bcd2dffd4b469d2a90f2
audits/a10_exact_results/a10_control_tests.csv,1590,7bf5a0046a2aacdbd4d07186e601b1643af2e057bdea3238199c84d7d74b0a7c
audits/a10_exact_results/a10_density_profile.csv,1594,d39039613a17234bd292793a1f40c58f659ee4ef842cad1fcf86bdc4eeaa4441
audits/a10_exact_results/a10_poset_duration_profiles.csv,890686,b15d53021d68dffb6eec9be27925f364aa75455db60b1ca1d6ceb15d5672ef4a
audits/a10_exact_results/a10_report.md,1669,7bf80b34c5bce65912a336f071ac04799851cfd6fcc9ee827687c7f1d0c4c9af
audits/a10_exact_results/a10_summary.json,1956,f65874f503738e0e1520e9b90fde0287cf21f2ddc677754e186563b5ef3ed8c1
audits/a10_internal_duration_audit.py,27541,d3b4ca6d6f3a9b772f928c1f9e17c9f122ee4b2fc10621fcfc0debfeb75d8367
audits/a11_exact_results/a11_confirmatory_dataset.csv,41952,24033ff8dd194ff893984b17f08f3141eb00179520e153555ff1f26ad3c07808
audits/a11_exact_results/a11_d4_feasibility.csv,3596,f3663098d18d28402443167cc8e1ff8c366e964bf3ce7a63f47cf49e868935f1
audits/a11_exact_results/a11_grouped_performance.csv,162,fb5899589e6d0da8b7c37d064e49c0ba2ecb96e434ef32119ce15665a636578e
audits/a11_exact_results/a11_null_calibration.csv,510,3f3966dc60788c19de6a97c736792b6e45afa5a6cd64448eecb6de29224c5a10
audits/a11_exact_results/a11_report.md,1003,2527ee0399774d0cb6659403f6d2280213f34f9ce16e97d367f616d2ec0e3ffd
audits/a11_exact_results/a11_summary.json,3031,863e81924dc7e3e3a0ab3ab16e9aca33c2c4b1771fcb2ab7bd50675dfe6ada4b
audits/a11_exact_results/a11_test_predictions.csv,23117,5f102db26afebc1246312a5a0682fbefc77a4a7a2249b2bacd6001238868c193
audits/a11_order_volume_manifoldlikeness.py,26066,8d4737ecd5e6effcfb4d81a24da96937bd48dfa398b7af93db41c1ac2873f13f
audits/a12_exact_results/a12_dataset.csv,78067,ed8f124d4813be100d8aa777ab103056aedab400e9a444a50a5ee4c681cc820e
audits/a12_exact_results/a12_family_feature_means.csv,1085,15b496590db048bb76f7783c0359e97ed13c39f042a468ddbc868d50f6f81c6a
audits/a12_exact_results/a12_primary_predictions.csv,55017,e345f55198e643b6800c7a2cbfae9353fa6ab788b50f9a94fc9d426cfb793e35
audits/a12_exact_results/a12_report.md,892,e39d1907b1646c1409b5db6f5aff9661eed6815a711b5b97549bbe7e3769835b
audits/a12_exact_results/a12_summary.json,8976,fdd8be8b1d1a173a0c0ef6191677000b4030cb89f41d3ffe05c3c610fc73f532
audits/a12_targeted_2d_manifoldlikeness.py,24354,75412105ab7d00a208031e5238a918257c4366684bdc80b281a316ef781d3acb
audits/a13_analytic_interval_signature.py,36028,e2ffa5a595a83fdb82c32629541c1ab0a84521a5266d015cc47f759eaedfb177
audits/a13_exact_results/a13_perturbation_scores.csv,112641,f81d3b5a25b9ff0a2d28b8404839b50f6a299f050d83fd7a9bc2854aeb2b01da
audits/a13_exact_results/a13_report.md,2122,8e837016ed859e3bf1e4fafe29d5bc1751df923898c9e2c5a370b6dc592e353c
audits/a13_exact_results/a13_sample_scores.csv,157123,4d037b8674cd7a1e1db6fc35a83066f37c578d5fca647898e593407e2ce3679c
audits/a13_exact_results/a13_size_summary.csv,2410,93ba28df2d6ed876512fb3c8346f14d749375139b80919ab21f95c818e07951f
audits/a13_exact_results/a13_summary.json,6281,3f544198c03408973d231185933126700c8c4274dee4d0f685e2d91064eb6cd6
audits/a13_exact_results/a13_theory_profiles.csv,18101,0a073c83a0d2705bc24f9dece7a5c4812e464a5e0313a8120aa75bc31121793d
audits/a14_covariance_interval_signature.py,27066,e97344a94249d6143dfc909b17310c327a3bc92e88b219f9bc9999a92c84c1c1
audits/a14_exact_results/a14_covariance_matrices.csv,476779,0c5c8ef80d1983cf58e3cdfcce7e157e07a12f1fe66960bbecbd304710dc6be8
audits/a14_exact_results/a14_perturbation_scores.csv,140379,b0b44db8f10217b1fb27986160693b7b35fc62510839a7a7f5a7cf6d986e5dac
audits/a14_exact_results/a14_report.md,2092,ce2137e4214759466c4cd2c85e6670da2619804bdd60501deef70e50b35080c6
audits/a14_exact_results/a14_sample_scores.csv,179940,4c00bd7daeb92c4521432535083107874c4d72d197e3891ae6ad430ec7fa2a51
audits/a14_exact_results/a14_size_summary.csv,3638,2e69c43d81918028f0d4c3de031396ed6972fdaccfb1689ed7a5449465af12d8
audits/a14_exact_results/a14_summary.json,13486,10f16caf738a0dae3fe4e604c41cb9c58f0ad16b6623522fa0f602255bc5dea1
audits/a15_certified_counterexample_search.py,26866,ffcb5e4886d532b0c661a235cc60893bfd56d20e3ceec2fe9ad138fd6c6c1b96
audits/a15_exact_results/a15_candidate_scores.csv,77752,537226793edcbcc32a6a324909f933853332c745bcb60ac2b564faf909576020
audits/a15_exact_results/a15_density_filtered_audit.csv,1100,09b921bdf73cdecf19a17b8e12f3994bc2becbb386ce943f0d98e9f37b8e11ea
audits/a15_exact_results/a15_density_filtered_audit.json,1891,0841502f458231603d3b256618286f36ea01f8739813ebc0002d44d7268cef71
audits/a15_exact_results/a15_holdout_scores.csv,12320,c140515ef8aa5437ec8cce6ab38e930486f02bc10db5dfa148f49d2dbc71043a
audits/a15_exact_results/a15_report.md,2061,3821c72d5f2e23a855b9d2c5e8bcbf122e863876da043e68aa40cd19027eff76
audits/a15_exact_results/a15_size_gadget_summary.csv,2000,323577a5ae0992d0315cbbf9a566369af8a66b10b723bb21167ac5f1e7492e7f
audits/a15_exact_results/a15_summary.json,8233,471ee383e526595fabec8152594e808d5f499365a5760396f3545dab99436417
audits/a16_corner_cluster_diagnostic.py,2819,e21f8872d0460b72b60ce7abac31e331ee7b10d072e948d2da384babd6584ec1
audits/a16_exact_results/a16_family_summary.csv,629,ad43f833cd1487042df02bf262e3fccc13417da2a77d16701385522af6bb215a
audits/a16_exact_results/a16_four_corner_diagnostic.csv,1966,4f283a8bd6b55b0432478b46a5458e312b54b2d1ecd78f4b0c82f98e9eb00ba1
audits/a16_exact_results/a16_four_corner_diagnostic.json,560,79660a2aecab2f87f0e7323afb4459567a79ff4ce49a879b2268d1d509f5d407
audits/a16_exact_results/a16_model_summary.csv,348,bc301ba1844fed89b107cdca9d7abefc9fa135d5176ce6b05cf2ae88619cf20b
audits/a16_exact_results/a16_report.md,2592,de10303d572572a6f9360a42a13d32d26d7384b5ac3380d7856a78c52efba88c
audits/a16_exact_results/a16_sample_results.csv,30134,3a64ce4c319e1434e3a99e6d2d986fa12141fb36b6a20e997c22531880d2cb0a
audits/a16_exact_results/a16_summary.json,4344,ebbf85466628ae4c3fc1152997db5a391833c9aadeda7ec380fe33de8267563e
audits/a16_local_global_manifoldlikeness.py,46238,f993447110caa99bc8f4b34461549e6337ef3510ed8c5379ccae0dbca9fb3a59
audits/a17_exact_results/a17_density_filtered_audit.csv,622,6e504ea852335e28745223f968ba1358b8f35b7d530770d33d202da0edb47793
audits/a17_exact_results/a17_density_filtered_audit.json,2219,1fc2836a8648464bd042ae6d56101b2f24b8047f8a9a171909644c8a1d42b5ba
audits/a17_exact_results/a17_family_summary.csv,1143,cc3a43d23f854df2d6c5e1ac43887d03908217f95695d21a925895b377b16493
audits/a17_exact_results/a17_local_reference_models.csv,756,2ec6244207b3869f862b6a81bd23c9afe9e958af45b6733f3b6d20f0f33f4f32
audits/a17_exact_results/a17_parent_models.csv,333,378f1f5ed6eb1e9325a319a0d0bfd35c7ff10ab05269fbda48c9dba273c2a571
audits/a17_exact_results/a17_report.md,2171,3c2e498c7119590f3ce40c32752b487386f61f3662a5e94e0d225396cebe6796
audits/a17_exact_results/a17_sample_results.csv,309559,69bb0456b308e51cbb5cf4f6ec64a8e723463d6e8fde5d5a02dacd4dbd3c303f
audits/a17_exact_results/a17_summary.json,4775,eed4fd8436f04940672a1edea85be5850adf52760b773156f86c645bda15651a
audits/a17_multiscale_subinterval_self_similarity.py,31058,2bb6b2df531ee349c5ec7ca0e96f2bce082ead59a16b06ac0499f5904956d2ce
audits/a18_1_exact_results/a18_copula_controls.csv,313,4de08b16f9f6e2028da00e5e08d06d68aef4f09b545fd496b4f81c70429712e8
audits/a18_1_exact_results/a18_order_fingerprints.csv,583,5e5a5909d3a7b55fba8e56472a43c03236994aa8c96d100ec6aac6ea22584fce
audits/a18_1_exact_results/a18_paired_transform_audit.csv,34986,7773f0feb07aa364385211939cce2e9c1ead7633b906e6caf7e84d2987c2e56b
audits/a18_1_exact_results/a18_report.md,3388,cdf4f64c6d0210edba8dbfdfeac9e761a28dccf197383bcedc2dfb3be30704c4
audits/a18_1_exact_results/a18_transform_summary.csv,1206,3f3a592239d58ae497579f6afefa7d4b639b77f7546e46e607d0e81bf81dbf3e
audits/a18_2_exact_results/a18_copula_controls.csv,315,29aab2c435fb062d5c5701b5fdc7edb6707f3faff47d387a2a740ada2c610171
audits/a18_2_exact_results/a18_order_fingerprints.csv,598,5946c5f68baabcb9574c49d418fc863f0d8b6ce35a641ae82736fd36708f2497
audits/a18_2_exact_results/a18_paired_transform_audit.csv,35335,5485eb5aa7932baaa2dff6379cb20459026d37f16fa3c3ba798a973ae63ec4e1
audits/a18_2_exact_results/a18_report.md,3424,633c33e84ba9bb0a18b8354282783ad0225d3b5360fb13da4b019905effc1112
audits/a18_2_exact_results/a18_summary.json,6564,c368af2944326a050f3a09428b92b0498ed106d0196a7ea453821c33387f1b78
audits/a18_2_exact_results/a18_transform_summary.csv,1189,574378bcfa38d13d35652e5c91b5b792bfc1a1e7bb2a913db19a9796a25d1636
audits/a18_2_order_measure_identifiability.py,24341,7b8a6b4603f242a4116f90ab56b042a231381201b8f614c8af53b2e487074455
audits/a18_exact_results/a18_copula_controls.csv,316,83fa5ec7c3a877beb0a4aefb1aae4c2e39321bfbb67f3eb448459aa443b87936
audits/a18_exact_results/a18_order_fingerprints.csv,595,b1cf93593f738a4f7ff9a5a8b0f011ed0571be5549f7c2243e5792ca919f8c94
audits/a18_exact_results/a18_paired_transform_audit.csv,35340,93abf094b08ee0bbf5a8061ca05336372cc486cc0a5b0db08f7dbcecdd898ee1
audits/a18_exact_results/a18_report.md,3387,4dd5ec15240facc451b022aad7eafea25a7800f16cb2a3c50806e2799a92a240
audits/a18_exact_results/a18_transform_summary.csv,1193,9963ebb6260cdb438f3bc45c4507d4ab95daf80dd9ba2c80cb7e2e792dffe035
audits/a19_ensemble_copula_identifiability.py,23781,a3d69fcc725e427c3330ebfebcd25dd95fcfc773ce8d5825345264d20d263377
audits/a19_exact_results/a19_coupled_identity.csv,79203,624da8a15e0673081c14851051d0fe42d896bfad7aebc05b7ae8e3180aca71da
audits/a19_exact_results/a19_different_copula_controls.csv,444,77c034926e98142916285668ccaad6e7ac7f11ae61efac7f8435c6cdeabfd47e
audits/a19_exact_results/a19_ensemble_summary.csv,1185,dddff1c2fbb66d83143cb0ba3ab50bedca075afbd99dfacd5b39810fca28d3d4
audits/a19_exact_results/a19_permutation_histograms.csv,282303,512f6c84f923df01eda9f1b120b0818478bfbf4399fa0d8f7fd70954d13dfa2f
audits/a19_exact_results/a19_report.md,1391,4dabea6cb072ce897941469fbeb59435dd73bf457e60871bc73b8ae7d2edd54b
audits/a19_exact_results/a19_same_copula_comparisons.csv,1343,e4eee9f72b418c4cf07b25fcabac0c62b08dfe9c09b002595f5d1316f13f2126
audits/a19_exact_results/a19_summary.json,10378,00ab236c8300db52a14473fecbe9d28d31843feb18e402b7dd1fe506088d9086
audits/a19_exact_results/a19_theorem.md,1825,fd159648c06c94079fc2dceeb52691b6693ec750471fbfdd78950a0f997f0349
audits/a20_exact_results/a20_coupled_growth_audit.csv,67541,807f44c9bcd5cd327ca9d2d2648bd3f790e7615e310c62e748b6d2ac98cb9553
audits/a20_exact_results/a20_fixed_threshold_classification.csv,442,9d06a1c0c6ce7f18c07145ed08e5323296f643c476a83b0e78b2449cd9e997f2
audits/a20_exact_results/a20_mark_distribution_tv.csv,320,b2226af8374acbf0889b5e37fdd259ce50626d82d6323190fda20b62d4bc8fd3
audits/a20_exact_results/a20_mark_summary.csv,1129,e073ccd763c15a566851e94ae2cb7adf3b29d50c40f307c1a4f934632e9ee4b7
audits/a20_exact_results/a20_report.md,1808,c6625e5cec1007d208f4df475b6c4851aa4e25a959fa19c220e59d041a107473
audits/a20_exact_results/a20_summary.json,8263,746bd35c283b6cc3442d0bad0709584eeab5e17a2e230d25d9d506d452b7dbf7
audits/a20_exact_results/a20_theorem.md,1673,3f36f0e2e0c53810cd05a3b873661944e3503afd71f327ec80b101af3ba1845a
audits/a20_minimal_symmetry_breaking.py,23938,dd87b220662e7e56fb21fdf423866b85e1a43b58c05f4726927a710b8bb24315
audits/a21_endogenous_relational_equivariance.py,33329,26e13134ce2d968234bcc1a46b09ee4cb64666aacaa6cc6267ecedad67df2f53
audits/a21_exact_results/a21_endogenous_coupled_audit.csv,140366,2dfa4f129a8856ff85660cce10038f048bf68604e2b3ec4a6376630658435f44
audits/a21_exact_results/a21_exogenous_control.csv,32040,dabafba702ba07a004bd66fe3cfe1236b39cb92ca581cf1d087a64d08c64a3fe
audits/a21_exact_results/a21_exogenous_summary.csv,308,55e694e35f2a22966e8a809ac0d202fe81acd2f4e40ef6c77d56dea336635deb
audits/a21_exact_results/a21_kernel_summary.csv,582,ae208b4487e40a40ec11c873440a368ad702375108ffe55ec32e5747591d7543
audits/a21_exact_results/a21_report.md,2322,0d90934db363dd2779603aa8852b8826a8b50a8f0937108433c327ae40b99603
audits/a21_exact_results/a21_summary.json,5060,134e0bb342c855d4bc9478d20a62c32f98ced2419d82c2f3ef81292f13125384
audits/a21_exact_results/a21_theorem.md,1779,3506f56bcf2f6a14b8269ebc6d2ed823a6aeb73e084d1a7f56ca24344e820773
audits/a22_exact_results/a22_binary_probability_audit.csv,1630,c91ea92f9cd0b7c2580cecc4d942a5f87a60fe58a3c7b5aa7528d7696838dc7e
audits/a22_exact_results/a22_binary_separation_audit.csv,1892,782d5e6c7126ce065659045c1dcd5219a5a700b3cbb031c37d231cbdca9f7c21
audits/a22_exact_results/a22_coupled_primitive_audit.csv,145907,2757d515d5a5a01a6683f0c4bcec79b6abfdff965375b2d17c53b012e4199b91
audits/a22_exact_results/a22_primitive_classification.csv,892,23082c2f5a2ffa43111da82a0ff8bb3da0fde453e55f3743e63915bd9e668758
audits/a22_exact_results/a22_report.md,2584,b9667ca8886ce476b0175f2e7beaac0e939882f5dd46ba951bd50110f6267851
audits/a22_exact_results/a22_summary.json,14575,7094057ca8fc204d5b3a681d9f4299e99a506abd76281c213f931610b197ab16
audits/a22_exact_results/a22_theorem.md,1513,3e5c9a9e15e79d3189dcda6a8ca689a748cd84ff5115b3e9f92a6e7319465882
audits/a22_minimal_primitive_admissibility.py,31878,57797515c9fb751e4d78789b2394b8228e0acb4a307a6cae9a815832df656509
audits/a23_exact_results/a23_coordinate_q_variance.csv,767,59b1f7a473deb893d0436b00bf713122decb67d303fc6b7d40f4e06ba20148bf
audits/a23_exact_results/a23_dynamics_gauge_audit.csv,10609,986a9634097fd35ed87f03934789ca882e822f8ca4ce52d730c9724e36e5211b
audits/a23_exact_results/a23_gauge_audit.csv,23930,7c181ececa31e3f56def269b9b339d366b595b232d70ac3d6ffb693d8e09c3e4
audits/a23_exact_results/a23_q_classification.csv,601,83599c4679a97a9e221af19decff87e286b2f1a897def6a1e75fb4f8bb02e9f1
audits/a23_exact_results/a23_q_source_audit.csv,100017,54184a19ef1b4b22479814c0d9fef033a76904b3bfece7a705556805f1ad8771
audits/a23_exact_results/a23_rate_time_degeneracy.csv,683,af22e4b4423f98b78394b7cb136b1cfa6da337e460a013236a6698cc70bb0e99
audits/a23_exact_results/a23_report.md,1569,94bd50416517d8726cb4398bf9fa18f798ffb9daebedad3177b99a5814c6705d
audits/a23_exact_results/a23_summary.json,3677,10573a00e97361987d01351585d85494e101b2e62def8dbce342ea6fe652a148
audits/a23_exact_results/a23_theorem.md,1851,ec07e02a6d6ad47380b968c73ecac9b1a7ea3a1f7dc46ff848bfdad0859bc907
audits/a23_rzs_q_primitive_gauge_audit.py,31712,82006a0e6a91b75b65970d2a00c24df56e9e175a7e8df219d6b22fca436094e5
audits/a24_1_exact_results/a24_operational_classification.csv,801,5238a09e9dd002cbda8a0667e02049167a2c47c76fe46878999c91c043c2f5b6
audits/a24_1_exact_results/a24_operational_kernel_audit.csv,33912,1fbc5f8941789e3198284a355f24c98c6d51fb3e96ed8b220bf4baf4170b091f
audits/a24_1_exact_results/a24_path_coupling_audit.csv,4393,75aaaac5f4b25f4161ff497832676b9e87a1f1a21e47b371a8fe211c632edcdf
audits/a24_1_exact_results/a24_q_contrast_recovery.csv,7276,fc4384afb9ab5d7782c40b4ce573c7b8150a3eae37557e9aa69d62dc0f85075c
audits/a24_1_exact_results/a24_report.md,1684,b27053a997e94bd7df5519f3d448b72158ed8e99935ae57e042bc1fb09686da8
audits/a24_1_exact_results/a24_summary.json,3701,9d557fa33833c360079349acbe297de035422acaffe43734769fc8cded1ccfb1
audits/a24_1_exact_results/a24_theorem.md,1503,f2e8e8ae2c3cfface2599ab402ce9de337b0f81c5f691454116bf516eb930cc8
audits/a24_1_q_operational_origin_audit.py,30164,9bef867a707aa9c16a443520728452ac1a96e643c53317b5e78c2f39f5d19ae0
audits/a24_exact_results/a24_operational_classification.csv,801,5238a09e9dd002cbda8a0667e02049167a2c47c76fe46878999c91c043c2f5b6
audits/a24_exact_results/a24_operational_kernel_audit.csv,31495,d2327e2c4edf6ce0a099acb2fa2949eb0bcade469674d0c0671be3bb1d94cc8d
audits/a24_exact_results/a24_path_coupling_audit.csv,4393,319519f5a93dd33bcab305be5f92f379c847c862f1d969168e36754d7b58cd9b
audits/a24_exact_results/a24_q_contrast_recovery.csv,7294,fc36638933623edb8aa5807420e55825ca4fb9538b8c801236ad40be0ee18231
audits/a24_exact_results/a24_report.md,1585,ebbd1c9b08b1377231cffb1ebb1563206fc166b883bb7bec78ce66966c7e51d7
audits/a24_exact_results/a24_theorem.md,1490,fd4ff696a01035cef03a0c6c1ec0921c7105bc8e5a06dcb316f476f85baad35f
audits/a25_exact_results/a25_circularity_classification.csv,859,439f25ab53f5e22764639769613f2302536dad2b250147dcebcb19369b670d2b
audits/a25_exact_results/a25_kernel_invariance_audit.csv,149037,f10e033612cfb27ae0aa29f2ea3dd9bebd39382f971f19485f883496f838ec37
audits/a25_exact_results/a25_kernel_underdetermination.csv,77918,dc944fc56209091ce53faa20341b4119af3f6a33e65550c31697af4c3a7658f1
audits/a25_exact_results/a25_q_dynamics_reparameterization.csv,10732,b8d3fd2c040174e5bf46e990334bc10b198bd02cd8f02e7c4c2e47af23b62859
audits/a25_exact_results/a25_report.md,1708,4e7cb55ea5c81f03554a203bb046a95618db36dbf50a09534b2b3cd62f09e5ba
audits/a25_exact_results/a25_summary.json,5947,2b27bb5df51fde9c6660276ae4ad4ad587876b238f7902886fa0869964d0f81d
audits/a25_exact_results/a25_theorem.md,1538,6aba992d1a9d453ea07375abd1903350c72438e19fb0741ed2d2072ddf7597a7
audits/a25_noncircular_q_coupling_audit.py,32649,41f93a6eae0c110f749d1c6dd086c1d8f347910a5d7ff5ee61c7aeb9b38e62d0
audits/a26_exact_results/a26_aggregation_audit.csv,249716,e4d529a0fa91599c51225b14feed37c7dc4840d7eaf7e2a3e2b0cce4f1293923
audits/a26_exact_results/a26_detailed_balance_audit.csv,99321,0feafaeb24b13dac4e45cad4e914b9f09b9a9d5dd53e8ac3d5b356ef5fcc28ee
audits/a26_exact_results/a26_functional_equation_audit.csv,541,7090ede627f469092c602eb020d5f1e2622c3fd7ee7527f4f063445dd38bcb5f
audits/a26_exact_results/a26_iia_audit.csv,240267,4a61865a313d2cd8571e079137d6a18f2b5057aa16bf57d7b853d0ccbc695fb6
audits/a26_exact_results/a26_lambda_family.csv,1277,60fc6758949fe4898af6d939d4c27ce5f6d754d35e0334a0de1f6ae4cc5d3fbd
audits/a26_exact_results/a26_maximum_entropy_audit.csv,127975,8e132c51e48fc11a441fdf242b43ff3b42931c398236b685af788d19ae0facc8
audits/a26_exact_results/a26_principle_classification.csv,825,9c7bf89a4e621a701564e7e69c983d684cd6380ddf2f312d5c2a163407482f75
audits/a26_exact_results/a26_report.md,1741,b66427de3a6ab88b7246be4b54a862d63c5e770de5b4c959d37eaa98d0c42189
audits/a26_exact_results/a26_summary.json,4996,aad255b9068d40b04ef907a80616cc4db415a8dd13c0e830827df1e4984db1e5
audits/a26_exact_results/a26_theorem.md,1793,a7b0759a4d90349c56ea70110c80a9f576ea140397fb948fbd1fc3ea4e0916c3
audits/a26_kernel_selection_principles.py,35506,f21ac31431f21f0f792d69997f7877851c96137e0cf2df921bd19200f5ec5e34
audits/a27_exact_results/a27_coarse_graining_closure.csv,184849,e68764b12c2846cbc85baa2c14794df152db1afe217f2c290e609b1d3566e52c
audits/a27_exact_results/a27_coarse_graining_lambda_distinction.csv,192596,d7489bc27df29a6ae5d5c5cfd0f4e5a203a8003cdd6497f3cb348a5bd41e3f50
audits/a27_exact_results/a27_constraint_lambda_derivative.csv,183602,2a02c95a9a3849b180915f248b84f5134c026c10d83dea773a6c609ded808262
audits/a27_exact_results/a27_lambda_classification.csv,619,686c2d2279420ec4ab143dc15c0f71669e1f0b694dc70b662d1e1537de8b7833
audits/a27_exact_results/a27_lambda_estimation.csv,19099,68b531f9880eed942d3baf21acdd06e43c1af0b87c555be0d74e6c63e25129c6
audits/a27_exact_results/a27_raw_score_reparameterization.csv,328990,29efc45d672322349f70c3d105aa26223af4663a11208b07b3cc23060ec79ed2
audits/a27_exact_results/a27_report.md,1379,2e5d31d47438beac43d7e4699e181935c72415f22fac72744ab9c233cc0b06e6
audits/a27_exact_results/a27_standardized_lambda_distinction.csv,289427,cb54df0b9ba8843174f6f5f5bae5fef90ed7b8fbc622e6cd7025d9875e3a3e73
audits/a27_exact_results/a27_standardized_score_invariance.csv,80115,f00cc7b69c61949e9b98a91f97ef7b3fb886f33272f403c1bfba399cfa8215f4
audits/a27_exact_results/a27_stationary_standardized_kernel.csv,239,4646a5f8011a7b75aa2d53633c4a419402081753e83240125190d7c8c8deb8e5
audits/a27_exact_results/a27_stationary_variance.csv,738,0f01ab34bc28f39cdb1e049c05a19cf79f6ceffdab7c38e29b38baa7b59c7210
audits/a27_exact_results/a27_summary.json,3945,3f45f1b15a00634d2485b88a1694426525da906e8663d3d294263d4928c82e4d
audits/a27_exact_results/a27_theorem.md,1953,a32448fbdc407950a9bd8f747267764192eb5bbbbc99ad207594171df18765c6
audits/a27_lambda_status_audit.py,35202,2df035ad4d858aff33160061ea1099f062de8563770c5898d52f3568828301f7
audits/a28_exact_results/a28_affine_invariance.csv,3167138,ba1055be00610e1b1ed479b30a5d8ecacbb9b8cbd3d7f7cd5aee7ce49d9ba82b
audits/a28_exact_results/a28_extension_stability.csv,1332965,154de48bd63a3941f6dffe96e341f82cbfee0c60d6d3046459a5d95dc56cf8a2
audits/a28_exact_results/a28_monotone_cardinality.csv,758526,b9636b8e92db09148303b175d8ea23037fd57b97d31cb9e844dc7af2316f6cad
audits/a28_exact_results/a28_outlier_robustness.csv,1161767,b1f7eb9791111ee4dcede8d2c6b8eba265ef3194f95acc04a842a2f72e5d87c8
audits/a28_exact_results/a28_raw_lambda_scale.csv,383136,64bbcdf94afb6695b5df1164eb9efef281463c03f15016806fffcf08669c839d
audits/a28_exact_results/a28_relabel_equivariance.csv,927144,a295de62cef50094c65324f11f8437981482d47c83a47128f2fbcb50aacd733f
audits/a28_exact_results/a28_remote_locality.csv,314669,6f4d2ee7b901a892db019ee342597d047b995873f79f075c617558e75964da65
audits/a28_exact_results/a28_report.md,2133,bd76ea5dadb326d31c08f9cb9677bcce0997ac4db2739d0031071f1a748a2164
audits/a28_exact_results/a28_score_classification.csv,610,478ae0c4315ba9d981bc93278d4ae8fe86cda5ca0db92069127723b732875865
audits/a28_exact_results/a28_score_summary.csv,1120,d584bfa819771a224204f60c5b9ee5c67df112f3654fc8a107c74029e768a16f
audits/a28_exact_results/a28_summary.json,6427,6837c156cd98e76fc36255a11d23c8dca98a5873163a360b864bce1b21810084
audits/a28_exact_results/a28_theorem.md,1429,f0f811f842052023ec9387393fa9bb60b285a96f1369450a9a0c2a774905c1ff
audits/a28_q_score_selection_audit.py,35922,db32e94a839202a54c8825128302c3aeb30fe2e9caa88d5c268b8eeb7c0dcb0d
audits/a29_1_contextual_refinement_audit.py,35711,286aa7ba8a658414b72799dae2a3bab08c5fc478d6a16d05fd211cea7c46d6a1
audits/a29_1_exact_results/a29_extreme_zscore_limit.csv,557145,2f92f8316bc6ef2d3799cc2e2f31f63e0095521c27d18c181b3d04ccd9add5af
audits/a29_1_exact_results/a29_iid_context_convergence.csv,331,fb8bbdbe7e9706dbc8b4377cbe91fe5ceadffcbe1640940ff1fb676f8ebfdc48
audits/a29_1_exact_results/a29_near_zero_mass_stability.csv,671648,9750e4f21b4c49c5bb9dafa389d986274d79e5c6f201e72fadba349152c7ddd7
audits/a29_1_exact_results/a29_refinement_audit.csv,1610334,7af5130729325419842dc4f774aacbbb63fec4af36b7f570997650de12bc5540
audits/a29_1_exact_results/a29_refinement_classification.csv,711,863c25977a08e47db1ae08dd577b74cd7cb17e55e142826cc28f8d8f848b05b3
audits/a29_1_exact_results/a29_report.md,1781,f90f55e5661a702b95c2408c6f82752ab0d893d7a0ed782506ea529e91acd909
audits/a29_1_exact_results/a29_singular_context_instability.csv,477,4105abb23b048ce6837241b0fd2bf6b1514f4c9454875041d86769cbdb6ee39d
audits/a29_1_exact_results/a29_summary.json,7914,fc350ba00c8fdc11c2c6aa28fcf8686ddcf7c4025806f46340b6189ac8c6a1a9
audits/a29_1_exact_results/a29_theorem.md,2377,00d44f48c51fa12ab190c551bc2a58616f440cf978058adc84272e0d4dc88766
audits/a29_exact_results/a29_extreme_zscore_limit.csv,558513,935528db7ba6e05ecda6ec675bdcd078e12eff1fabe14bcee3f69ce10bf6f943
audits/a29_exact_results/a29_iid_context_convergence.csv,334,48d96962af1ac927e1261fd70d0e284e1afa33dda728be7d6f649aef9f7dcc40
audits/a29_exact_results/a29_near_zero_mass_stability.csv,445435,909419df909794f05ff9191a7e931bcdc0b05b200b9e2f3f70d40cb0c893f3ff
audits/a29_exact_results/a29_refinement_audit.csv,1609068,6847985366adb0418e8cd7382b75b6573399a80a6759624c689dc9b19a04bda4
audits/a29_exact_results/a29_refinement_classification.csv,711,863c25977a08e47db1ae08dd577b74cd7cb17e55e142826cc28f8d8f848b05b3
audits/a29_exact_results/a29_report.md,1640,857b769dbd381669b405562c6c803dc750dfef41f3376b9ee3d257d151ba0f46
audits/a29_exact_results/a29_summary.json,6310,ef139289b4695b8a5176271f61cd8851895a504e1a193e1093ac836ca624e3ee
audits/a29_exact_results/a29_theorem.md,1819,849bc101819c361eda036f8226397a4af5c34b83a65173ca8c28f057f3a8b19e
audits/a3_exact_conditional_validation.py,13377,79766c0507c0c9240b289dd71bae048df7755c9dc61c194be7a8ab59c80e0089
audits/a3_verified_control_tests.csv,533,34b4f5cbbc27affbefacbc267d96894277bbe727dde4c24cc8ec3987e2197b53
audits/a3_verified_summary.json,342,074369d8937497521f403333787115d3777fcf836e9a4e5f1fd6bfc74fa54ead
audits/a30_base_measure_origin_audit.py,40137,b125acde7c38ab728708a90a5e07fb3ea15121d438e075ece938b7a4f406fec4
audits/a30_exact_results/a30_derived_measure_refinement.csv,129908,b3606c702bbba1d2c4ab15983ae7a3d215df6e2fd9aea9d85b2b7fb1a4c0a59b
audits/a30_exact_results/a30_explicit_additive_measure.csv,16377,1c42c33daabd5e6a64d76fa9fdebe7f7a22c6fec87dd858a7453f1fda14c8f56
audits/a30_exact_results/a30_measure_classification.csv,829,6d6c4d2422cf9446ebcd9e3fd2ddef4cfa26d20af49943a11fec9e8be8271f11
audits/a30_exact_results/a30_projective_transport.csv,29065,534119f4a12d81881bebc37239170bea75a0b1b27e8909a33786aa629b0ba477
audits/a30_exact_results/a30_q_measure_information.csv,43162,d3199cd396e9cc6bfd519d9c69964322ae6e17bc51862b6039d5e84140afdeb0
audits/a30_exact_results/a30_report.md,1701,96be8c05082c6df5ae8b8e794b9a02330deeeac0e4422fd2f6790c408606f801
audits/a30_exact_results/a30_semantic_ambiguity.csv,9480,bed166ae215204af335fc12354c4beb1f161bff1e6df2df139c0150e8f20d614
audits/a30_exact_results/a30_summary.json,5709,37eeaa4724653fc461d05a55ade89dd875f063fb43e5ac18eb259dae39a67df1
audits/a30_exact_results/a30_theorem.md,1708,b02c5e21db2100e67e850a8ea87b4f031024a74976d0c6dd5e05b9049da876f6
audits/a31_exact_results/a31_commuting_refinements.csv,49971,6c4f363150ec652e438acc1cbba045f35721f74516d8a541275648ca5a1a612b
audits/a31_exact_results/a31_conservative_split_dynamics.csv,48600,0c901cee0968a6b7e8b09209e1e1972ea92bac26ce308335434cbeec2a28efa5
audits/a31_exact_results/a31_leaf_ontology_ambiguity.csv,101422,1ec8866e7c81a6b9f7db3505b5ac7ad0458c7be9877c64a32394fc6a1483470c
audits/a31_exact_results/a31_ontic_branching.csv,96857,acd4b66986373ac2be4895b1f83a852bad14957c9828bceb86f6e73f3c368038
audits/a31_exact_results/a31_refinement_classification.csv,454,bbab8bf19adc8844e72e294aaa4b0468d0af0d79b825a0a039451d87fc3ad534
audits/a31_exact_results/a31_report.md,1479,38726bf287cc0274bfe2752581e7698e9a7469ac3967806f592664d98f03096a
audits/a31_exact_results/a31_summary.json,3041,f6df78817c7fe7fea634173ccae560bb1cb89c97c592a3526a9ba2b9d0832307
audits/a31_exact_results/a31_theorem.md,1037,3fe952374c82846baad43286262e3f6995d48733651b8e81c17ea3f14a93534f
audits/a31_exact_results/a31_tree_path_independence.csv,130296,94045380830ff9dea26e2f4d175def93921ee572ca521493c2bc8ed7557cc5cb
audits/a31_exact_results/a31_uniform_leaf_counting.csv,49212,2611b0c9e79347e66db7c038c538a5103b0f07a2754fc1fe549787ef5b03be99
audits/a31_microscopic_multiplicity_audit.py,12730,bf376efa22180279be76840684922bd02874ad77d2530851c1f83a9066290f19
audits/a32_exact_results/a32_atomicity_without_terminality.csv,945,bef4a03b77eb90391221fdfd1b7c0ecbed0564766771a8f47cb0e8bec2f8eded
audits/a32_exact_results/a32_mark_l2_convergence.csv,982,5ec2d1901e135626ce00ee18d70cca7f7d7e38c7249b74650872b8c33730c1f2
audits/a32_exact_results/a32_mark_nonconvergence_control.csv,346,9c4c067dacb0783404f4b4476f5f3685fef09b5742d9b007ece50b4fab884da4
audits/a32_exact_results/a32_measure_nonuniqueness.csv,497,212c462f88e964d7a3bc52c24e1c3f95f6f20e9f932784f9a41136eed9ff5bfe
audits/a32_exact_results/a32_projective_consistency.csv,29585,bff146c7ccaaa575f7c9ccbaef30296c5968a5ea118175c40eca0af9e2ebb921
audits/a32_exact_results/a32_refinement_classification.csv,618,3185859580af13e58c037b2f75406b96030bd26595c0be123ef9cef1c9d19c8a
audits/a32_exact_results/a32_report.md,1429,c3666c68918ad92cd7d066a2c5046cea26fbeb76a410ab0f497d58d06210068c
audits/a32_exact_results/a32_schedule_independence.csv,7245,c0217d4e356baa6716ede953c00f16327942c0b2eea72a942782ad0ce281e0fa
audits/a32_exact_results/a32_summary.json,3408,935a7e1143ef37bfa7109fd81e044f998c92579790f5efc399d608cb77673a01
audits/a32_exact_results/a32_theorem.md,1776,a6913e353aba375d256c9ab8d7478a6ddb3b8ff32b29544c3839156f6c90befd
audits/a32_infinite_refinement_audit.py,14784,b466742f964ffe476cddb28f782e8d57b2a9465c2d3231fb6ee7e42442068b7c
audits/a33_exact_results/a33_fraction_law_classification.csv,735,cd0601c990a28181b42da49fd2bb9ca9e690f6918aa4cf7a16897f0e6c9341c7
audits/a33_exact_results/a33_maxent_factorization.csv,87850,acdd44433e1308cd6a33dd20c05dba3f9d59e01e3c311bfc87dd2e0b6689461b
audits/a33_exact_results/a33_partition_sum_message_passing.csv,56554,dd23e535543824cfb14f8c9913e878690043bc9d1ecdd6bc147ca232748c6bef
audits/a33_exact_results/a33_q_gauge_audit.csv,289829,4df70c27466219557b8495c5ca6341dbf4a484fc55e598297883a571473e02fb
audits/a33_exact_results/a33_report.md,1494,df8ea82ad3eab68c7c6106557c6df02968fce3a61d89c48b813d8726a678c880
audits/a33_exact_results/a33_summary.json,5155,576a7a7014f073bb3006477e181c2af395243a4a5c4dfe5bb3f4b9377c62f242
audits/a33_exact_results/a33_terminal_weight_underdetermination.csv,35382,b9e571a0353090d9a96de555f64d86d6dc6f4fcbd13389b9fadb58181c4d608a
audits/a33_exact_results/a33_theorem.md,1299,1ea25f10752604eeadf04f18b58a948d1db2d64ed371a2fb520fa4046f42bb43
audits/a33_exact_results/a33_tree_regrouping_audit.csv,1100440,b6a6d0dacf838ecafaa41dda31acd531337574ef04f85881827703c6abd2a4e1
audits/a33_projective_fraction_law_audit.py,14742,285dfa704cf3871225fbb833b6747c90ffbe0f4ad5042cb5c3ad9b6027d6eb57
audits/a34_effective_score_closure_audit.py,19297,e83b05bda17de0ffc5d6908c1a0cc2f7bed8e1bddc24827fefe3ba769047165c
audits/a34_exact_results/a34_associative_aggregation.csv,205869,e8873cf0eea0648035426942ffee9eb4fb1da34f298bbc0874990f87743d6c2a
audits/a34_exact_results/a34_cumulant_expansion.csv,917151,e8350ce993d6a292aac5316022391e6828a4410af640dbd51231d42ee984de3f
audits/a34_exact_results/a34_effective_score_classification.csv,464,5b755d4f7f0fc18869e89bd7de88177055d762d206689226ee3cf3aae8c68867
audits/a34_exact_results/a34_gauge_affine_covariance.csv,128224,ffe39e752f92266be504aa0dd5a837bb4a7f277081ae4a73673ffcae021c5fa5
audits/a34_exact_results/a34_matched_q_mean_dynamic_witness.csv,926,bc379e505d1072d489d20120f2bc23a4cfbb7f9f6dedc3bfadf99a68c0ff46a8
audits/a34_exact_results/a34_mean_variance_insufficiency.csv,643,3c5a3e9e058ad5553a8a6f022f4f20533a6c38feff9639bc868a3636e0ad4838
audits/a34_exact_results/a34_report.md,1503,c4a8173e823a5a1c97ec7bc74783fc43e1c2048b385dc9dfde106df046b2d4d0
audits/a34_exact_results/a34_scalar_information_loss.csv,3873,4228cc95cec17d8aee8c48dfe0d836048e135e4f4e61c273553f3a3af534ea63
audits/a34_exact_results/a34_summary.json,3848,189349e2d03a5ee1cea52ac3506428a912cf44b9d3cc958c522c7c96015fb782
audits/a34_exact_results/a34_theorem.md,1681,8d4c44523130459d9c0b8808097b3997032c09d1c9e0912420c828bc655ff58a
audits/a35_exact_results/a35_centered_noise_shape.csv,290,35f0b71dd46629632b769571d4afee52ffb4110f6e746d4df5bdbc7a4695bc9c
audits/a35_exact_results/a35_finite_empirical_gaussian_q.csv,1643,b4f62312be54c1f92a7e413a4c0741a6404232f53fc6069ee6ffa96175967aaf
audits/a35_exact_results/a35_gaussian_affine_closure.csv,87039,e33cf020fd9d6d208da73917c9f5d989d197320c3763b0070fbeac05f722e520
audits/a35_exact_results/a35_gaussian_closure_classification.csv,683,8e0ae40dde374bfdc9355ae82850c71740b7f799b68d5f132425b67f0863a8a4
audits/a35_exact_results/a35_gaussian_noise_cumulant_decay.csv,2983,ef1d6f78bc6f905f53a570eba8e4506346d5307ac68c60b3823093ff5ed5d8c6
audits/a35_exact_results/a35_matched_moment_gaussianization.csv,13470,1b100292a96b51c98f073562407101f2bc8f5da710d2bc8597e1bcc3c55c2d47
audits/a35_exact_results/a35_nongaussian_stationary_control.csv,442,999d7c73cb9257336be51ae0cd0fc65053dc8336d9307a8c5e2434d139d43938
audits/a35_exact_results/a35_report.md,1722,e1e7c175037194ac59a1a3b2d2327c53639a31d1fc85b8e6f279b6bf0cded935
audits/a35_exact_results/a35_summary.json,9227,ddae66f747b9189be754f4f8fc29cbe64e1f3b07fdf267db2a39bc294772229a
audits/a35_exact_results/a35_theorem.md,1807,77fd6cfbb7c807d4f82a66d51e8c76bb16148bd080e87d1021b5b00b40c2644c
audits/a35_gaussian_closure_audit.py,25473,6b863bed670ec08957dd029c5a741f02e322bbd728f58ffe6260b77f8cb01569
audits/a36_1_exact_results/a36_1_characteristic_function_clt.csv,2051,0a817183f297fe90767bc4312e4fdd722edf60ecc49fed9cb5aea7fda108b207
audits/a36_1_exact_results/a36_1_clt_classification.csv,437,c7a8dc7155a10ed0923c12ccd42c276392092cb2201de05ccf460f3c48cda47a
audits/a36_1_exact_results/a36_1_report.md,1355,85821faf93bc2d17317eee3d9366781e48a0b359c568b32c659cae129bf79841
audits/a36_1_exact_results/a36_1_summary.json,2245,f9c64be118fce62f6b8692326d2d05abb442622a29b9f4ae921f877c730ac375
audits/a36_1_exact_results/a36_1_theorem.md,753,14c2d2ffd4385680f677f3b36847052efe408878690be829c0d7bcf2898d69f6
audits/a36_1_gaussian_noise_selection_corrective.py,6165,605a42547f385009d8bad381c092110581b9b61343215998428d994b99d8b6f4
audits/a36_exact_results/a36_entropy_constraint_selection.csv,368,503082ba90562d63e220e7d10972db061b252a3499fd93dd9658218fa9eb64ee
audits/a36_exact_results/a36_exact_convolution_stability.csv,316,862e28c70b5d41bb33d649d9cf2f028bf78840c3900705d6164a76cdfca77271
audits/a36_exact_results/a36_finite_variance_clt.csv,2464,0d7d18726e93d560efc1def66dc5add8c3cd81632c0e8770f4818d6142441342
audits/a36_exact_results/a36_infinite_divisibility.csv,270,2a562c114e127a0aa4e69821d2ace349b0b0e860702d54e5224390134969804d
audits/a36_exact_results/a36_noise_selection_classification.csv,985,1348b09a7163055d556f20cdaa933b480efe704bd3e116587689352b970fbb0c
audits/a36_exact_results/a36_projective_scale_mixture.csv,249,6c3459cc0726aa5b4962bd88499f92616b7061bf76513060004862959f61cd5a
audits/a36_exact_results/a36_report.md,1528,338a5087aa101617857d2074175083cbf956918f596c14d6bc4cb925ecf7dfe4
audits/a36_exact_results/a36_summary.json,6421,2849456406b9465c04d3250cb5ec5f3b1685e635140998209c8983f5e6aaeb6b
audits/a36_exact_results/a36_symmetry_independence_audit.csv,467,be6bb16d3c8844ef681023ce9bd0bd47c22feea045a7b031aebe00fbd893e919
audits/a36_exact_results/a36_theorem.md,1283,ff078b34a720b8eca1be730d65d15f9e325771ba989c0ccf9045287b2d53fe48
audits/a36_gaussian_noise_selection_audit.py,14053,945a196da1380e748c5945b5a5fb63963ab9f3fb3704eccbe52b9ebb20938912
audits/a37_1_exact_results/a37_dependence_obstruction.csv,469,ef04a5a4ce21d003870e55481bbf852138b0cfb4aa6ce42e34b951b795fd7ada
audits/a37_1_exact_results/a37_independent_block_universality.csv,4655,2b807d9876f0e4fe3a5e9abb733cd285cf38aa4d206a8f33e8dfced0af3360b2
audits/a37_1_exact_results/a37_operational_kernel_sensitivity.csv,585,db67f016c1aa6ea3278da121b416aef82bf7d68c3eb221fc1bd4578f9aeb18ac
audits/a37_1_exact_results/a37_report.md,1789,e4d8ee09ea7fe5570d04ae45193824952c40ffd37991dec1ee70607241d60be0
audits/a37_1_exact_results/a37_stationary_cumulants.csv,463,a02441b77f1499e8327cb22f882eb807104c1dcabdd7cfa9a2b71f9dec57cee9
audits/a37_1_exact_results/a37_stationary_effective_score.csv,873,86f4d65b138fc197672f5b0a5a782790d097be91f1e986246b35cf57c7f5f0e9
audits/a37_1_exact_results/a37_summary.json,4163,d73828087d0fede0a4bba575ed3cf53494a391b85bb5493f77c26ad0945bf843
audits/a37_1_exact_results/a37_theorem.md,1955,2e8bb7df8eb2885d8d4539f240893a6c901966f2bca24a0a7b704f0d0ebdcad7
audits/a37_1_exact_results/a37_universality_classification.csv,683,c362e3be58ba15719190883f2974a4c0517bdc19e35a16973765a55b1b929583
audits/a37_1_noise_universality_corrective.py,25328,ded8f7da79f04a26c497433d0bce113c03416ca7cac10549686e9daa43eb97eb
audits/a37_exact_results/a37_dependence_obstruction.csv,469,ef04a5a4ce21d003870e55481bbf852138b0cfb4aa6ce42e34b951b795fd7ada
audits/a37_exact_results/a37_independent_block_universality.csv,4957,18d7f0930ea3f615978cae520fd12e163dbbdb7050a957f3cbff416472796351
audits/a37_exact_results/a37_operational_kernel_sensitivity.csv,585,b5ffd5bf1b17a997ea34d095f45ae76e6d1f707c29c7e023497dee546e3f603d
audits/a37_exact_results/a37_report.md,1731,bd9db4283579a184595d883c3fea4f01fbf6b4e9289414e8b7ba35c2a0090ae3
audits/a37_exact_results/a37_stationary_cumulants.csv,463,a02441b77f1499e8327cb22f882eb807104c1dcabdd7cfa9a2b71f9dec57cee9
audits/a37_exact_results/a37_stationary_effective_score.csv,873,86f4d65b138fc197672f5b0a5a782790d097be91f1e986246b35cf57c7f5f0e9
audits/a37_exact_results/a37_summary.json,4117,4d79435a50d0c67450715e5f947364976c05e1c722f1c0ae3fd0a7e61353fbdb
audits/a37_exact_results/a37_theorem.md,1558,170ba89a4dfea8f8294b5245fb1ffab854e65f6568124e51d66e54770e55b7ea
audits/a37_exact_results/a37_universality_classification.csv,683,c362e3be58ba15719190883f2974a4c0517bdc19e35a16973765a55b1b929583
audits/a37_noise_universality_audit.py,24640,2ebb14c973356cd4888773c31e0e4d3e3369d6c7803a30483ab559a01cdc24de
audits/a38_1_exact_results/a38_coarse_graining_classification.csv,697,2523e4fc715bd05a304d1fae84c6b255f8cc2187c876d07530e809f5df7a95d5
audits/a38_1_exact_results/a38_exponential_kernel_preservation.csv,977812,334678d4271baefb54134723a6e127b31bc90e9b516d859d4af91850af383c53
audits/a38_1_exact_results/a38_flow_aggregation.csv,56801,2176c18ca0464468f250c8535b12591a4a0ae3cb71e815371a4a8d29838781c6
audits/a38_1_exact_results/a38_gauge_covariance.csv,719922,cf961d445faac3f920f652012cc7e630810ef59cab1a3b0c01c2a3aca713483e
audits/a38_1_exact_results/a38_nested_graph_aggregation.csv,40166,488ae9c17f52cc3601558022603c1665418b0d053f4d750fbbdc5b73e0777059
audits/a38_1_exact_results/a38_refinement_invariance.csv,615973,66d4f8438e51416c63192a2e651c7519d77219623793e5266e3b71166b735b6a
audits/a38_1_exact_results/a38_report.md,1836,4bb600e86e40226634c8e3e3fbad71813f80aa9f9f0f9a072c9bdbda8f2bd7a8
audits/a38_1_exact_results/a38_scalar_associativity.csv,1650030,712863633a6062765469797515a899a0c12a1b092207863a8777a258717f8076
audits/a38_1_exact_results/a38_source_occupancy_obstruction.csv,54918,96b56904732573405db0f03d653769b975d103eafbacdba51370489245dbea44
audits/a38_1_exact_results/a38_summary.json,5919,530409878e30acbbf3157b55a051292455c7f930c3431a59f46a5b5cc0e9c96a
audits/a38_1_exact_results/a38_theorem.md,2560,0dc3f1187b28592af9062a83029149109a13ad19997728656456aab86597c95f
audits/a38_1_exact_results/a38_weighted_median_counterexample.csv,84,ff75fb53b3d3740776c7133f067077c39401dee34e1d18c6844d716d2bd7e5d9
audits/a38_1_rzs_coarse_graining_corrective.py,40867,cb075164e5ec70aa4bb9d7de46b48e6a46540768fcfdfdf8965f80e6aba801e3
audits/a38_exact_results/a38_coarse_graining_classification.csv,697,2523e4fc715bd05a304d1fae84c6b255f8cc2187c876d07530e809f5df7a95d5
audits/a38_exact_results/a38_exponential_kernel_preservation.csv,977146,6612b76eeaad65d3ceb2a522acfb9196b205709bcc8e7735e97bdc7eff07d5aa
audits/a38_exact_results/a38_flow_aggregation.csv,56766,df46280247b2a9f3f223bbdb0c1c3bcbf3a587576a93ad0b9d14dce74e0ca193
audits/a38_exact_results/a38_gauge_covariance.csv,720613,1d9408ca1c7e9cc17ccad203293ca8be5079d40834f019f9c1affb6eec723b23
audits/a38_exact_results/a38_nested_graph_aggregation.csv,40199,5a9b7fa4059207de926fa18b653ede8a9bee7ce0a4eeb5857185ffbfc42f21a7
audits/a38_exact_results/a38_refinement_invariance.csv,615458,0297b97b3dd58a79ec7620bea3a3ebb532b1785becc346ade991e76074ae43a9
audits/a38_exact_results/a38_report.md,1777,ed97b563646f47a03cc452d4ad11517b468dbf02adba25ebd374a2073f7abf67
audits/a38_exact_results/a38_scalar_associativity.csv,1651436,07234a512a9ecafe4759d3eb0e60897534dc85ac42af1c48640b90d7b30ed3bb
audits/a38_exact_results/a38_source_occupancy_obstruction.csv,54909,f721a414ec8df98588ff8da7d077067e9946ab0dc23e262a1844c167c6683ec2
audits/a38_exact_results/a38_summary.json,5815,145a78aa419c9360346c554d4d87326bb7dc76381766901359ea098f28e91e45
audits/a38_exact_results/a38_theorem.md,2143,d3fba1c4cc2fc2f0165e1ed6c78d45dff353d67a4f4449bedab3e2981bed051d
audits/a4_exact_rate_distortion.py,6119,12641ef6f14b24c2eb8e60729d05004e67ab87bcc3ae2b7807199ae52f9b85b6
audits/a4_exact_results/a4_curve_tests.csv,1639,471a9e11021be987d579bd1de97333ae316299c792b0c24e0fd154bd2920688d
audits/a4_exact_results/a4_summary.json,2374,312d06ef325f276a090346bc6f6aa4737f8b8bfa9aa6ceadd2d5421d7203ae68
audits/a5_exact_results/a5_kernel_summary.csv,211,baa731c04ff32517c4ab1aee41a9dd9c833a4db83582151fbe462cb80d4c26f9
audits/a5_exact_results/a5_report.md,1235,b4de95ab5423bae61ecd5043ed1fc6faa0f19b60b62d5f13206330f192b63b07
audits/a5_exact_results/a5_summary.json,9924,e9fd0492fb5da01c18012ed68b8b1dd7e4234c15dff2481a9b1c0fd452b25103
audits/a5_exact_results/K_1_from_2.csv,6,b91277cb88a40703e005aa6e2afed03ee27a3a656c6633414871b0db4f0413d9
audits/a5_exact_results/K_1_from_3.csv,32,f0ce736bd63c71a7c3302048e2d52b00c9ee539df53047fd4a4e0cb7f71521db
audits/a5_exact_results/K_1_from_4.csv,436,c6510e656a5aa7c73fd14669d57e10b9bb58ef40cbf607dc1ec680d6f6986549
audits/a5_exact_results/K_2_from_3.csv,148,b928d0733f945d33bdcfdf067d3618d86ff782c5311c38ba7e7937f2b00ca40a
audits/a5_exact_results/K_2_from_4.csv,2414,cb70acbf498c9510d253e77c0264df93d0d3f26721484d307ffa48fb5c3d762a
audits/a5_exact_results/K_3_from_4.csv,8320,82f1ccdbd5f3c49c6a6fbe1893b4d94068bfe4326e4e80bdb024f0484d4c5844
audits/a5_projective_polytope.py,9323,f878a78761bda7d47e7c11e6f8b9d490ab62fc0a819eb315cc700f965f33ce92
audits/a6_exact_results/a6_summary.json,3836,6cac20897ef5ca653325ddff8c0c8533f694bc8185e51ba857f51c603051359a
audits/a6_symmetry_audit.py,3755,5d55d1624bc37c4654607881719ccba599c856dd231b984d6d12a18623e3d1e1
audits/a8_1_condensation_code_resolution.py,21939,7b2b3b2d97de8e6492e7bec68c266d553b0cc2d9d64ebe22a86647c9d908dc1a
audits/a8_1_exact_results/a8_1_active_minimum_set_multiplicity.csv,474,15aeaaa0e650a633d99c5a81b8a76af0784ecd924c04f2913ac6be0be6e658ef
audits/a8_1_exact_results/a8_1_code_fiber_distribution.csv,155,8d773493bd53edc11fca7ea13dc055267a21238769b729073ca7a2a5618c751b
audits/a8_1_exact_results/a8_1_count_decomposition.csv,259,9cfc550375c84f4063a209b027bc565841d04d51fdc4e157a74a59ea01bdf5a0
audits/a8_1_exact_results/a8_1_explicit_collision.csv,371,112f171eff6c173a4d96edf1280dea4611f71083184e6fdacbd4fab58d0b5965
audits/a8_1_exact_results/a8_1_report.md,1642,b0e5183cc9bc17131b859b56be1cffa5f49b2e36b6fb84326480aee595b0474f
audits/a8_1_exact_results/a8_1_summary.json,3836,bcd42550b4e7d0ee657f9f1760432813e77d25917fc834f173cba57a7553f56d
audits/a8_1_exact_results/a8_1_theorem.md,2825,8b6cf26d00b2e3bd352ff67e00e04409adaa594c02f09cd13e2b02427fa3e9c1
audits/a8_canonical_internal_order.py,18171,f91ff2bdc72828c9c654b0122210caa822bfbe9a5ad57fae9bb7a912c718457c
audits/a8_exact_results/a8_control_tests.csv,522,54eb874cd10a6f98750a59fa34c0fd15b10b2cc7720d99b00027ad49512c7093
audits/a8_exact_results/a8_density_profile.csv,1934,19736470d1e69f719d0cf7ef9c588b15c1e075d90a116826cd27d1fc0b7408bd
audits/a8_exact_results/a8_report.md,1425,96ffe0cb4653aa60d46733db6a0b76659f1d02a94f3837e7aa13902004ff9a36
audits/a8_exact_results/a8_summary.json,1424,f26a255135cb9f9a1813b1bb8b0c0ae71c4763afa08f72bb6a850e7c3363f152
audits/a9_exact_results/a9_perturbation_audit.csv,288,5917b990c58c0b2dee5a992741f74b633bb8d6e5118e929172093a4cd40bac70
audits/a9_exact_results/a9_poset_clock_profiles.csv,351881,64c2c254cb3e116b6d8fe68ab8aaf102e1acb0e5cb955b1d726b75aee64063e7
audits/a9_exact_results/a9_report.md,1260,5c8fac5e2ce7642ce3e7465857df491e1a28f91f747cc544dbe6f0156a668245
audits/a9_exact_results/a9_reversal_audit.csv,252,e97540526e8865059a51e6b49f5048061bcb3200931251b8b98b1a53ca3724de
audits/a9_exact_results/a9_summary.json,2933,d6efb1f931918ce3582c8b559ff4a019efa8e2f5bc96f541e14020c308763de7
audits/a9_relational_clock_audit.py,19288,3b5b8d8e50c4fb44ccd84e3748ce1c7c6408a3cbac199350227ef56ed7a2c243
audits/c1_edge_flip_small_n.py,3907,a1ee3dd6034f8aa8dd992dca11fb48eb9419edd7f5616a625d7cf8a3abea1eac
audits/c1_exact_results/c1_edge_flip_small_n.csv,278,ca7e9251416756100b2853d072f2413e79c77c2746b14a3ebbd520e9ace88f24
audits/c1_exact_results/c1_summary.json,1857,0adc885357614cadb52186709c0e40aa031b1c7bfbf6d635a9d93259864002d6
audits/c2_exact_identities_and_nonclosure.py,8863,2bb5f4bedcd1226939683a340260c44c0d85dd5b829d8cdb4a2f8f81b3e8fcf5
audits/c2_exact_results/c2_exact_counterexample.csv,214,8c663b89c85f9a06d0153231e709f590414418a5a6d30ad2d700483924a5b506
audits/c2_exact_results/c2_summary.json,2358,140da10dd40039639fadfff2b32683d2341db66816af6ab8ea0dc29b81762c91
CITATION.cff,679,e10e1a552efb1089c2772a1f91bbedc0a33f30928d9fba638512392cd522bd79
docs/AUDIT_INDEX.md,7687,7353a82fc568786f3f1b3d5ce85d1c343069fb491553199131258c9d03bf1073
docs/CANONICAL_VERSIONS.md,2041,435a243d8eedd0979cf8c82bd71387a84dd5cccacc03bc16ef033d278814207c
docs/CORRECTIONS.md,1318,39fc43de3d70d05debd9b62a7d1fa094378d1ce2cd5a7036589985a0f7018914
docs/editorial/RESULT_CLASSIFICATION.xlsx,41774,a89ca4bba13753b0a687e77891a2c8956474ec5f1c2cc6aa0f0b599660949ed7
docs/EXTERNAL_REVIEW_AND_RESPONSE.md,1276,51a53f17628ec14e818e5dd92bfb0b9787e05ebae5d1f16c150146822e9c1b2a
docs/MANUSCRIPT_SPLIT.md,3010,46bfaca8e5f575e3089f4497b8f19da9d5aec31631b7b3833b8c86417f589a83
docs/novelty/MF-R007_finite_preorder_count.md,3045,a36f5c75977c8ca2f2562b02c9f1ae7eed41a9ee8d0bf62e13c564f37679a45d
docs/novelty/MF-R008_representative_code_count.md,3674,a800dc4086cc6822c429a82b3a8ca7c60c00e2a573828dfffaef6533cd604c9b
docs/novelty/MF-R011_edge_flip_probability.md,4598,bef9a1ef6e8f4bec32d1d9a0a6b33c7d15d9d179831c7e4e2a033a4597ad1cf2
docs/novelty/MF-R036_context_scale_no_go.md,3270,bdee412a635e9f27c055eb7064d2ef83d860473a6e187cfe2b232ddc91c7cd82
docs/novelty/MF-R047_affine_Q_covariance.md,2231,3c6c8c30f3d9873189aa64a65bb31e1879866ce8811210dae1f9d75803565a62
docs/novelty/MF-R048_dynamic_Q_identity.md,2093,1003c86ad7ddb8587a0a659de4698162b09fcfaf2412a5e55bc832e9dcda679a
docs/novelty/MF-R049_dynamic_nonclosure.md,3626,8d3a5e903813a47a96709426371f5881cd9c86892a22af8a6989109a6af61ee3
docs/novelty/NOVELTY_AUDIT_C1_SUMMARY.json,1191,3c91f54889d3ae8015990d143bfd9c09b8db05add9466cdcc120e85a750bb7ae
docs/novelty/NOVELTY_AUDIT_C1_SUMMARY.md,2966,bf2d4bb77d2d02da27529de43c7ab312c57dbe68104e5cb107b80117f403675a
docs/novelty/NOVELTY_AUDIT_C2_SUMMARY.json,1367,f6a2b1eaeb12133d2246c7e329a21c8b4a0f87da01afc2f40d00a71ae5cb291c
docs/novelty/NOVELTY_AUDIT_C2_SUMMARY.md,3021,ccf67f00447d3cf7a8c040dd864765aa73f48c48bf07efd6902bef9850cb77b5
docs/novelty/README.md,1010,8717c0499709b57cb675d348c8e86a3b7041b5206bf097bc9f89800088c96efa
docs/novelty/README_C2.md,861,006f06c69409e0b2f7c1a92b945c373297146fa43168e41d055104001c79b889
docs/novelty/REFERENCES.bib,2613,089b1b657f2a2e1b1f8defea815fb2a96678aaf0e76d8c831aa0c49a7365ec18
docs/novelty/REFERENCES_C2.bib,1860,44c9b8510b3ee551d19932599be2653fbabcf72b51cf543004eefb59d683201d
docs/novelty/RESULT_CLASSIFICATION_PATCH.csv,2209,f7174f34486673bf289668b660f0e86ae805daa8011c8aa321a3e4fa01788ad9
docs/novelty/RESULT_CLASSIFICATION_PATCH_C2.csv,3225,f66936961531615cfb7dde169c2f14f988ef2afab3fb2ebac3c12c634afad889
docs/novelty/SEARCH_LOG.csv,1718,c2d0432fa63c192da876669c01ceafaa9bed39b2ee02e9d1ad72ac766434c6d8
docs/novelty/SEARCH_LOG_C2.csv,2432,542b3a2d95889ab2fb5ccea66efc1898a18a35ae35432e03dbc2389084dd8f36
docs/REPRODUCIBILITY.md,2000,c17cef953319eac1c1c3f14e3e1b5ba771aca35b0452610a9e361c2a1a58272b
docs/REPRODUCIBILITY_PROTOCOLS.md,789,c604f6cb189dd1c7f9fddd7487c96e7b98a0036677f41a95fcecfdb1f52e20bc
docs/RESULT_CLASSIFICATION.csv,73369,583343e0caca95d5faafac9d51071bc2273edff7f0a0ac299b40286a7311bd21
docs/RESULT_CLASSIFICATION.json,114284,2783aafe817c7a3798b74b13fee8660d8b47a7c63eae5c58988e456b0a7b88e8
docs/RESULT_CLASSIFICATION.md,47467,44f7f0126713ef44c70e44f982a01fa0374e0ec62f058106519445e5daec69dc
docs/RESULT_CLASSIFICATION_SUMMARY.json,5415,1f61f019a1dbfc445d2da3e495011078a58c0025759400a5be9f4d9f685d7f3b
docs/SCIENTIFIC_STATUS.md,1588,1f450bfadc0e13d106e5fcf3c21303c6672b6eba70477604da695661dd1f679e
environment.yml,213,42b46b70197b79819f2261b83cfdd6a1b4e65c01f08439e96a3229f1c04321b9
LICENSE.md,1391,6c07b848d5e290c59b67f11bc514466f1ab96b518c062e443bade6384685a119
LICENSES/Apache-2.0.txt,11358,cfc7749b96f63bd31c3c42b5c471bf756814053e847c10f3eb003417bc523d30
LICENSES/CC-BY-4.0.txt,18657,9ba9550ad48438d0836ddab3da480b3b69ffa0aac7b7878b5a0039e7ab429411
manuscripts/CLAIM_FREEZE_SUMMARY.json,2037,303ba2feea5469d643014b5ed69f3db174e0843ca9f51f97eea5b3bfb55af6a6
manuscripts/combinatorics/ABSTRACT_CONTRACT.md,1058,39fa725b30d9bc65519cae9b27980740ea51a9d3315f5bcf9a84cffbeb289468
manuscripts/combinatorics/CLAIM_MAP.csv,4533,8d827d6c5759d6cfac8d3571a7b2d705b67adcb23ee25c6f54e67154675343ac
manuscripts/combinatorics/EXCLUSIONS.md,1092,e7e6626cbf55b658af8dc0305537aacbc35bc35b7149cb96fcc24855653f495a
manuscripts/combinatorics/FIGURE_TABLE_PLAN.md,1315,06afb611beebc8d9e7c95217db3edf9fc1c60c8d0ceedde290a1025df95ef515
manuscripts/combinatorics/MANUSCRIPT_BLUEPRINT.md,1701,1a13c631ca136b63c2da56329fe7c17b252bbd014c933d540bb0237543abcdca
manuscripts/combinatorics/READINESS_GATES.md,879,66cc909284bb12165a7723358d49816aba747a1aa775b9686e1e7b9a74893855
manuscripts/combinatorics/REFERENCES_PLAN.md,721,e54b8f7051d881f4c59cf2927cea9e16dbf0c37f12798491450b9aa7e205b63f
manuscripts/combinatorics/SECTION_OUTLINE.md,2770,e6adfacd3d60e8915a5054e60ead2e837476d4013653501e15438d43c05251f7
manuscripts/foundational/ABSTRACT_CONTRACT.md,1236,b20416d9954a072bede6a14cf882fdc38959011a9ff9fe0dfeb7f876277a9c79
manuscripts/foundational/CLAIM_MAP.csv,22674,84757ad32ba4924ec32312a0d9aaca0274732bd33ffdedecfdcc7a8529d5566c
manuscripts/foundational/draft/01_introduction.md,5396,8227807677dcf0c91957dfbb24f901e005c60b2000cc99f8f692d913f8730e54
manuscripts/foundational/draft/02_order_identifiability.md,6870,b53c7f8dcee6c35b08652c86f5cb4ff9380d519dbd9902c9e770a60a90d02c3d
manuscripts/foundational/draft/03_quantitative_structure_q.md,7087,7a2d6ee937084b104179261ad5babccedc967d20883bd73e497eaf37f7961773
manuscripts/foundational/draft/04_operational_kernels.md,9997,c09b26f57a39193e5c925e2fef3ba54c4222b5ebb78350ad2f0262c7c1367e30
manuscripts/foundational/draft/05_measure_and_refinement.md,8492,92f0683854af0bd0d54251352cba0934ae811e97cf3f56307441ea2ac6f6f403
manuscripts/foundational/draft/06_static_aggregation.md,6089,bfa75c3b2a7c17721603046523db575aacaf397022a06bc3660be0749bfeb785
manuscripts/foundational/draft/07_dynamic_nonclosure.md,6953,fcff9d8dbbf7775a72f3e13559772f3281ff5aca74705e5f00e9efcca5c7c95f
manuscripts/foundational/draft/08_coarse_graining.md,6054,b7b735c0d001ea4657a104e33cb510c68df8ae3054ebeeb342798724dc035920
manuscripts/foundational/draft/09_informational_architecture.md,9286,e04bdf07a5cb6891130a9f5210fdc21711ea07958b412c3fcf8b9d406ab06cfe
manuscripts/foundational/draft/10_scope_and_conclusion.md,4838,884afc45648395a1a67fbb8693d995c6f844958bdd6062d4d855cde30e41e177
manuscripts/foundational/draft/ABSTRACT.md,1711,7ada826db3f394a075b3b3e2032c96d200197c06537b900dcb0c9284f4d32da4
manuscripts/foundational/draft/APPENDIX_A_equivariance_and_calibration.md,2040,114479096990e3f07a1faa8160b264ed9b3ebd05b5dc6b48404e238ab37f1d04
manuscripts/foundational/draft/APPENDIX_B_refinement_boundary.md,1985,d5f7d5e321c9f41bc8c337f7a2c0a64288b259fbdb738e0ce770e5ce250c0712
manuscripts/foundational/draft/APPENDIX_C_restricted_closure_and_domain.md,1882,fb544479ba342141e2a07c1c31ed6d3954424a148ff0cd35791b3d472dc4e7be
manuscripts/foundational/draft/APPENDIX_D_median_nonclosure.md,1540,5d6d8eb7cd92a65c1073ab58cc3c672ae3719e32bee2f6fca913418165739d47
manuscripts/foundational/draft/AUTHOR_DECLARATIONS.md,709,906034f526efda20f5da26ebc1214dfa5551ae77aaf9942a9069870dba696de2
manuscripts/foundational/draft/CLAIM_TRACEABILITY.csv,8682,3f5cac4c77c0941b791d5dfa339f017dd05e4ff3d8b3aea74bf97839abc69c1b
manuscripts/foundational/draft/CORE_DRAFT.md,82342,e448df844932002b292e447b0bdca768725305661a06c0755c057dec8c6aa4a7
manuscripts/foundational/draft/DATA_CODE_AVAILABILITY.md,964,c590fc10e8c8dddf6200a51896809ff41b7884c4ef3bd7e73411f10ab60ece84
manuscripts/foundational/draft/DRAFT_STATUS.json,555,8df26525584bfdf9caa5604b21baf8f070c8f6979ab5add93db78956f2105839
manuscripts/foundational/draft/DRAFT_STATUS.md,1026,c9d3c453335a4b95369f92ddb67a79beb8e05d91755f13a125be1496186dedb8
manuscripts/foundational/draft/F4_CHANGELOG.md,1067,2057242d4563b1f4ade8283fbda57d34af01ca62eaea092afd2386696d8c8818
manuscripts/foundational/draft/FULL_MANUSCRIPT.md,82342,e448df844932002b292e447b0bdca768725305661a06c0755c057dec8c6aa4a7
manuscripts/foundational/draft/INTEGRATED_REVIEW_REPORT.md,4785,d20bf8fc5208af2bfa01728e6d8870bf0c9e5240e2c6a21b58dd0e6986d65cb7
manuscripts/foundational/draft/PRE_SUBMISSION_MANUSCRIPT.md,82342,e448df844932002b292e447b0bdca768725305661a06c0755c057dec8c6aa4a7
manuscripts/foundational/draft/README.md,762,e1f2d054d686ae6d3f3b2cac4e1fe783b9cbabc7cbeedc1def8bd0ae6a5e3c09
manuscripts/foundational/draft/REFERENCE_AUDIT.csv,2710,92abbe0c2609206f99b92455f5b758aef679968eab740eda09c724e12a5b7579
manuscripts/foundational/draft/REFERENCE_CLOSURE_REPORT.md,2569,d3ea780c991a4cf0ec88bfaf6d27bedb09be7b66e98d053d5439c86f59f11a55
manuscripts/foundational/draft/REFERENCE_LOCATIONS.csv,1825,dd61ec07df6bef8f9d8f43eb930ba3b530831a2ae1ebb29fa900bd5784e499c7
manuscripts/foundational/draft/REFERENCE_VERIFICATION.csv,2710,92abbe0c2609206f99b92455f5b758aef679968eab740eda09c724e12a5b7579
manuscripts/foundational/draft/REFERENCES_VERIFIED.bib,4912,5c6e3e81ae418649494854792f1079348f71e49aa54bb89fb2bbc1bfc3d887ea
manuscripts/foundational/draft/REFERENCES_WORKING.bib,4912,5c6e3e81ae418649494854792f1079348f71e49aa54bb89fb2bbc1bfc3d887ea
manuscripts/foundational/draft/TECHNICAL_BODY.md,60784,0202ecc74b7166393263263170989e281e2837a498dd39362ec7551e6beed5a4
manuscripts/foundational/EXCLUSIONS.md,1117,44ad2f2d0dae70e0afa9a1e05c592c69005f9abed0e4bd39c2a444b43bd63fa9
manuscripts/foundational/FIGURE_TABLE_PLAN.md,1737,89a196ffa6aab000832d5dfd298066134dd6ba8755e60f39b22c0b541e040824
manuscripts/foundational/MANUSCRIPT_BLUEPRINT.md,1658,7ac5fbe820b412174a820d9a78a5dee9b495f0dd5dae665e70e1db3357269f21
manuscripts/foundational/READINESS_GATES.md,952,24640175d60a295843985cc724a38b6d1090e630d112ff13a43096a6a14883d4
manuscripts/foundational/REFERENCES_PLAN.md,1313,784a75983db69461b379315788390156bd2b602423118b5b6615b3b18e33bb17
manuscripts/foundational/review/ANONYMIZED_REVIEW_COPY.md,80605,4b9a39b628553c121f8bb6eb721ed5d6f107bb8abf4fb1fdf5e3de04f8b4ed22
manuscripts/foundational/review/CONFLICT_AND_INDEPENDENCE_POLICY.md,886,1aabd585c2dfa0856c2719e3208f6c9e4282e2e0e6530f61c4352d9f22387bd1
manuscripts/foundational/review/CRITICAL_CLAIM_CHECKLIST.csv,3116,249c7fdd85a2e48e445c2d06492e686b69167aba638f22b641f96dbe92a45c48
manuscripts/foundational/review/EXACT_WITNESS_CHECK.json,676,40c97dbf28002fb981249b4b3dacaaaeb39b061d553a81ea7219b06fd803f8a5
manuscripts/foundational/review/EXTERNAL_REVIEW_REQUEST.md,1480,f2bbb1c35f22684c057c5329ce5a01dc425dcf10f6f32d2647c4561fa5cfac32
manuscripts/foundational/review/INTERNAL_ADVERSARIAL_REVIEW.md,4129,84f71de9318a2c80b980e2ed83d17621e46c6c180ed6d1d5df22c598f3986366
manuscripts/foundational/review/MATH_AUDIT_TARGETS.md,2340,70aad6e598199dc83e1e98db0b1460a8730c13d6f0b6025fefd84b2aa113f702
manuscripts/foundational/review/README.md,1030,5df92df7282c2f425bcca62dba555f8ce9e714544af02820e7a6957576340359
manuscripts/foundational/review/REVIEW_FORM.md,1653,b25fe59040c767ce1896e57fe4e35223319f28fb67df155dafff9622141beb46
manuscripts/foundational/review/REVIEW_LOG_TEMPLATE.csv,149,6bb505e64d42a81c79e84020d74f6d5377817ebca479bbaf00b612f86ac04c68
manuscripts/foundational/SECTION_OUTLINE.md,5526,7a865549aa2d3658f85b8afcd8bacc974555c6f0384bd4481020b8fd1bbee458
manuscripts/GLOBAL_CLAIM_FREEZE.csv,31604,2f0b788b86f03b87ca9c8f4df9e00f83abda0d229b00528876d8302dc6605b53
manuscripts/GLOBAL_CLAIM_FREEZE.json,62886,825d3676ce9d27f302ab9a725438df1b5be72cf4f7fbb93ddd42ef94ab67667d
manuscripts/README.md,805,8d54165bce27efc9bbb19b4bc19952c522529ce130aee386296cf701c0ba4dae
MFRP_Informational_Requirements_A39-A106/.gitignore,94,5a53663970e9d44ac070524fa7b4395d30c21fe859db0df568e773e9d5a158a7
MFRP_Informational_Requirements_A39-A106/AUDIT_INDEX.md,29018,6917b2f6504c271b25bd1e47aa05fc86c852f3bc82650da47e705f7208b10772
MFRP_Informational_Requirements_A39-A106/audit_registry.json,23272,b63fee68952ae1da804a74a6afa642e4cbe6981cf73f2eed731128255998bbc8
MFRP_Informational_Requirements_A39-A106/audits/a100_full_lp_active_set_resolution_audit.py,17445,7854cf64eeb1f340c5419c4914248c4752c72d78e00af685f31d4b7e5dcb8147
MFRP_Informational_Requirements_A39-A106/audits/a101_gamma_active_interval_and_residual_closure_audit.py,36952,e1fe865f84ef0e0cc9aff7601855a0955114591cdbe35dac629c16054c3e1c5e
MFRP_Informational_Requirements_A39-A106/audits/a102_complete_rational_witness_lift_atlas_audit.py,41161,0c64477ca300a5c25568b9a3c3c3911cacf6e8b93c65f86046a0b07a007a2fbd
MFRP_Informational_Requirements_A39-A106/audits/a103_endpoint_released_continuum_segment_atlas_audit.py,32036,7fe3f357ad472222c605afbcbeb15f7e7784518fd109ce51906b8c79c87447c4
MFRP_Informational_Requirements_A39-A106/audits/a104_exceptional_q0q1_continuum_segment_atlas_audit.py,35459,c0a8c743522122bb3cd70d8a0376bfecce38795a490e5bb3b4a2f9573f7ddc9d
MFRP_Informational_Requirements_A39-A106/audits/a105_legacy_two_band_continuum_segment_atlas_audit.py,32723,01e9ef40bced37a92b2303b9fe4896e703e4a87b80df75061c1019edfed363e5
MFRP_Informational_Requirements_A39-A106/audits/a106_legacy_gamma_minus_continuum_segment_atlas_audit.py,26414,24a1aae3ac929afae37547ea3934be9dfc8b7006388ad33c78b3744c151d598b
MFRP_Informational_Requirements_A39-A106/audits/a39_sharp_prediction_interval_audit.py,16436,5d05c6464a045dbd49060e2924e3c411b0db1189f01776fdffd73f478b5ffb17
MFRP_Informational_Requirements_A39-A106/audits/a40_monotone_refinement_audit.py,6628,1ce096e87e450d1f43a5cef462e7e3923a58a583ddfd7786ad6852b34c8d3330
MFRP_Informational_Requirements_A39-A106/audits/a41_robust_interval_data_audit.py,16832,71431c90d3ba2934d8df113cb5925cca3129aea7721639025d2dfce7cfbfd4f1
MFRP_Informational_Requirements_A39-A106/audits/a42_finite_budget_design_audit.py,13792,756fc95eea1a4ddf5b8a53601f21f53170e1585760795399e224a0a079b003e0
MFRP_Informational_Requirements_A39-A106/audits/a43_direct_q_minimax_design_audit.py,14725,62516a018aea6c638668705700c0440f22c07019c747677770ddcd80f64e8295
MFRP_Informational_Requirements_A39-A106/audits/a44_continuous_parameter_audit.py,23419,bee61a0590cbaa7ad23b4e232a92eb8faab17e7587b8118c170bc7e009e7361d
MFRP_Informational_Requirements_A39-A106/audits/a45_positive_noise_phase_diagram_audit.py,28807,029d473d35c74522d38dc8917569219730129158f413f6658eaea323809db8be
MFRP_Informational_Requirements_A39-A106/audits/a46_noise_separation_boundary_layer_audit.py,24962,c2118bf07881c6d2e091b035e8507d6327824d2241bb59e7663a6519f70ee566
MFRP_Informational_Requirements_A39-A106/audits/a47_global_noise_separation_phase_diagram_audit.py,39214,7eecb097982358838dfa7cc40edd81431bfc7e66f3188083db36bc13a3a7df0e
MFRP_Informational_Requirements_A39-A106/audits/a48_target_inclusion_degeneracy_audit.py,12634,81cbe052a7a9a5f5533e553b2221a769166458d4bbb55382214b06378c5dd067
MFRP_Informational_Requirements_A39-A106/audits/a49_expanded_anchor_catalogue_audit.py,17757,8bf07b5681c8c4ef637cc2c461fa74b0052602c8b2f7e37c8145c85e6f5c4828
MFRP_Informational_Requirements_A39-A106/audits/a50_continuous_first_anchor_audit.py,26083,e03f2fa61fadc8d2f5c09b63970b7adb96188f6e825120491a814690c9303849
MFRP_Informational_Requirements_A39-A106/audits/a51_target_exclusion_distance_audit.py,27315,6ac6eb38aca18222efef28cb7bf81ab122efc4d5f48c3e6d18bba1a61d28a3a5
MFRP_Informational_Requirements_A39-A106/audits/a52_continuous_second_anchor_audit.py,27152,77aa01a4a2331df2bd762df1afb6c07be462eb29fb032ebe2582a9a0e90f86e0
MFRP_Informational_Requirements_A39-A106/audits/a53_coupled_second_third_anchor_audit.py,18639,e39b123b07854fdab66bf251d63630f29183332f32b5e67206ae1f8cab26d43a
MFRP_Informational_Requirements_A39-A106/audits/a54_universal_continuum_witness_audit.py,14937,31e21b59b74b3085bcde50db4dbecb81cf20411b739e998f1299a1dd1f61977d
MFRP_Informational_Requirements_A39-A106/audits/a55_finite_cap_implementability_audit.py,20044,c850aefd2a624f35dd7d57e1166d4931fac2eab09906ad58885503fc8ba4af5e
MFRP_Informational_Requirements_A39-A106/audits/a56_cost_regularized_finite_cap_audit.py,11006,214e3c64c6849b9cfcd2ea6296fb0499b55457fb718844a3811d684df04b40e6
MFRP_Informational_Requirements_A39-A106/audits/a57_heteroscedastic_third_channel_audit.py,26267,47b074238e0641117d357d2b0ba3753d662434ed177ade061559f627c94b3f40
MFRP_Informational_Requirements_A39-A106/audits/a58_independent_three_channel_error_audit.py,20859,f2cbe637c0fa5eea273bc4d91845abdb25e6ab62ae413cfacc439045b49695f2
MFRP_Informational_Requirements_A39-A106/audits/a59_correlated_ellipsoidal_calibration_audit.py,16744,fd90e0f6a51d881a92879361d65ac77bc1457feafc49400c6f2a1c403d9713b3
MFRP_Informational_Requirements_A39-A106/audits/a60_general_covariance_matrix_audit.py,16795,e64f5aeb92f59b9f8739f1fae7c808ec8836edd4473473282c76afe206dbca19
MFRP_Informational_Requirements_A39-A106/audits/a61_spectral_covariance_uncertainty_audit.py,13458,7cc258311c7fa0b3e06b20c6fbd4f7d393de37dee10d8a091699cf639b8b3ed1
MFRP_Informational_Requirements_A39-A106/audits/a62_bootstrap_spectral_protocol_audit.py,27906,ecad2aca48f0ac0dcc52eabfd3e009a3599e8baeb5e92e12b5f3b1e8a62441b4
MFRP_Informational_Requirements_A39-A106/audits/a63_structural_generalization_audit.py,23771,85533ceacaf6bc3614e197fc7382b45598bfe35b1833d626461094e958a16085
MFRP_Informational_Requirements_A39-A106/audits/a63_structural_generalization_exact_helpers.py,31365,d55e5673385dba3cb8863024d22edce974e0f1f85b31674907fd1ccf5ecee5af
MFRP_Informational_Requirements_A39-A106/audits/a64_scale_normalized_boundary_pair_audit.py,19627,9ff1e2fb0bf60911305aaaa7cd839b9051662349c2015dc8f9b6efaeca2028b3
MFRP_Informational_Requirements_A39-A106/audits/a64_scale_normalized_boundary_pair_exact_helpers.py,37405,fc5615bcd195baadb7e7af78dab379cf706f6365249451cc3f2313ea784d4275
MFRP_Informational_Requirements_A39-A106/audits/a65_continuous_first_anchor_audit.py,31512,0e5b635a5bc504cb418bfe00437d38605c7f1f4265746ed37606c677b25fdf4f
MFRP_Informational_Requirements_A39-A106/audits/a66_exact_global_phase_audit.py,34711,0665a89c5162b98e3fe8abff50730b1a569870576c56a93b0cdbeb970765c04f
MFRP_Informational_Requirements_A39-A106/audits/a67_central_mean_support_family_audit.py,18818,92273f935ccb769223b1233606bb7966c48ebacf7bcd897115cd2cc92a268217
MFRP_Informational_Requirements_A39-A106/audits/a68_dual_envelope_channel_value_audit.py,14983,f83fd797afa9c09026de4384cd3c4d442f2c2875e88b2815ccd9f1a20609e81d
MFRP_Informational_Requirements_A39-A106/audits/a69_cramer_chebyshev_reduction_audit.py,29612,788dbefa422f2ca1f91c8c62e03771d2380ee09ac0c22c344443eb4f2f9ce42b
MFRP_Informational_Requirements_A39-A106/audits/a70_signed_q_schur_dominance_audit.py,34703,1ed3dfa10aa0ac7964943f1a5a74b21430ea46461a83c9c6de5bb9e80404c277
MFRP_Informational_Requirements_A39-A106/audits/a71_orientation_bifurcation_audit.py,26181,3cd47c4ed325c3dcd1d8ac96c0dbcc26f656eef25707531b05fc3ace38c6f914
MFRP_Informational_Requirements_A39-A106/audits/a72_exact_catalogue_generator.py,3636,9e9f6d07b63c7be555b4d1fd94d5464c23dd62d6b0d6381749096ea044ed7ccd
MFRP_Informational_Requirements_A39-A106/audits/a72_exact_phase_generator.py,2131,4d14c34a80aaa89818872676a81a4bc399880c9595e3888a5374042e824af28b
MFRP_Informational_Requirements_A39-A106/audits/a72_local_pivot_diamond_audit.py,21452,4367f3dfce42bc571d728c0c49d6a8577369b0fc1a27b52b9b311fbb3316cb23
MFRP_Informational_Requirements_A39-A106/audits/a73_complete_one_pivot_neighborhood_audit.py,31810,d809a095d0a8cf81ac798d6c724cf33338093b15529e7524093c3c886929a58c
MFRP_Informational_Requirements_A39-A106/audits/a73_exact_catalogue_generator.py,3517,5e8e184eb93a395165c58515e9fb0dd8cf928b7c2a99e8ce7623a6869e01b132
MFRP_Informational_Requirements_A39-A106/audits/a73_exact_phase_generator.py,2750,0a1d8e4c4fef08ea0c3c1e1a9b36cc466ef294c253257d9d2b94102212eb24ee
MFRP_Informational_Requirements_A39-A106/audits/a74_exact_catalogue_generator.py,3508,2a54fbd5d1a82ee377bbaf8ae7c5de5f1d17749ac81ab40ef6479f9d3889b5d7
MFRP_Informational_Requirements_A39-A106/audits/a74_exact_phase_generator.py,2759,513633304b004c038a2c4e404c1fd675c138737f44c7fa4a30c5d30a64809381
MFRP_Informational_Requirements_A39-A106/audits/a74_interval_gamma_bifurcation_audit.py,21765,149f5bb2248dd35b63d7820cf6675918d06b44b451526e206059dd178baeacc5
MFRP_Informational_Requirements_A39-A106/audits/a74_M14_phase_discovery.py,4119,889175e42c6731966c1fcbee0722434592ba648a2fc0697c571aeb5fddab1725
MFRP_Informational_Requirements_A39-A106/audits/a75_domain_restricted_phase_audit.py,3203,13e4d97948bdd2cf3f28ea186f7b19b3897ec7e890f4df8ef332f87b4564c092
MFRP_Informational_Requirements_A39-A106/audits/a75_exact_catalogue_generator.py,4423,beccea2a68e14d2b6adf7e226a664b4feb5898c96a4e80e1c141fe6eb6007847
MFRP_Informational_Requirements_A39-A106/audits/a75_exact_phase_generator.py,4270,29be038f768cae06e16ee522fdb3782c4e571f8fbfc6c56518af246a13a6a13a
MFRP_Informational_Requirements_A39-A106/audits/a75_M15_M16_phase_discovery.py,4794,b595e76da67d5924c28fbc796e55b1552a35c5ef75da99ba6dec67b99e56c936
MFRP_Informational_Requirements_A39-A106/audits/a75_parity_orientation_audit.py,32447,9a520afb404717ae9c6a359b2b59f6fc6ce5b048e5ecc754fd1de1b8583e9a3d
MFRP_Informational_Requirements_A39-A106/audits/a76_active_reentry_audit.py,4747,c436ffb5a291fe06ece301f3f4ca7638412c6091aafa9fc4ff732db691e17fea
MFRP_Informational_Requirements_A39-A106/audits/a76_active_reentry_core.py,39449,772303df310d802d85bf0599da3912c58efe49becf0a28357f116f077cb08a58
MFRP_Informational_Requirements_A39-A106/audits/a76_interval_certificate.py,6260,47a726c12c9e05407608191a80ae6090b8b8655a60f183faa010d99f2bf7e00f
MFRP_Informational_Requirements_A39-A106/audits/a76_M21_M23_phase_discovery.py,4835,4cdf04191d3b17de281ad73f17e0584826f992e750a6142168e6cab929cb6021
MFRP_Informational_Requirements_A39-A106/audits/a76_one_pivot_neighborhood_certificate.py,4586,1beab884f9c1c9a7edee636b6a08f2b0a4ddcfe2c2807f823ea0c9d882cfd231
MFRP_Informational_Requirements_A39-A106/audits/a77_active_contact_reset_core.py,9556,9dd3a8ffd23a9c7f813b4161dcf7881a5b47567a302ea77fd0776eb2566eeabc
MFRP_Informational_Requirements_A39-A106/audits/a77_fixed_family_parity_audit.py,13774,571ba2cacc6be38b661d29c0ff4c89dd2a6412112a6b97decab3f7f6fc3c9c8a
MFRP_Informational_Requirements_A39-A106/audits/a77_one_pivot_contact_reset_certificate.py,5321,5c99b4275b0c97328aec40d1db2d0be5fa3ff3d8d9f84d6191c04fe626809804
MFRP_Informational_Requirements_A39-A106/audits/a77_support_interval_certificate.py,5757,a5f2b3ced062b8e6e147670d650cbb648449f0ee5ff801443bcd4bfc43953a24
MFRP_Informational_Requirements_A39-A106/audits/a78_rational_probe_contact_selection_audit.py,23685,27fc53e4426cd0e3a656f3444895c4bcfcbc54090477162a8d7ae96109a43b4f
MFRP_Informational_Requirements_A39-A106/audits/a79_compression_interval_certificate_audit.py,25152,13bfd7357dd8782be9c81ebe7a49781623b981f93bf2a2d9213859fdfc52b68c
MFRP_Informational_Requirements_A39-A106/audits/a80_local_compression_window_atlas_audit.py,32554,ffe341d160ffda3869d2cd14dd641aaa7d6fd89b27f4eff424dd049aef0f44e2
MFRP_Informational_Requirements_A39-A106/audits/a80_local_compression_window_worker.py,6429,a09063c71a2e4ceb3333518429f108adcd49a6966610364e043076b577960ff9
MFRP_Informational_Requirements_A39-A106/audits/a81_reduced_boundary_system_audit.py,33896,a25939cec3e639255b4d931335ea893bfb17bd2d3c1a7dda9ca6fa9a2f28b8e1
MFRP_Informational_Requirements_A39-A106/audits/a82_adjacent_contact_locator_audit.py,37365,1a8d30effe06ea6a8a9ba725e3c071ad193d0d41ccf063d1afe163d9341b8d6e
MFRP_Informational_Requirements_A39-A106/audits/a83_seven_term_adjacent_sign_atlas_audit.py,29661,7c31005e234beed74e64a4ce98938a8b124177d9e3f3f889bbba8afb5a19229d
MFRP_Informational_Requirements_A39-A106/audits/a84_k_space_exponential_polynomial_stress_audit.py,22756,9cada1e46a7019a6d4238d203ca22fd36c5181b46d49f7958b2cb16b0e8ebd50
MFRP_Informational_Requirements_A39-A106/audits/a85_parity_dominant_balance_contact_localization_audit.py,22550,62ebb0bcb12cac62c46979c3efc29573231e3b849cec6135027fad107dd7d59f
MFRP_Informational_Requirements_A39-A106/audits/a86_exact_rational_contact_strip_audit.py,15680,a73a4f1c1cf0d01ecf515db31988b7f1e0bc9eea22bec18743eaad45a1edce93
MFRP_Informational_Requirements_A39-A106/audits/a87_exact_secant_offset_classifier_audit.py,22958,d471d1e785a17b54a5e4b3d703e03372009dc0cfbfc33ee3ffa88f1e809129d9
MFRP_Informational_Requirements_A39-A106/audits/a88_nine_term_secant_positivity_audit.py,19245,5e0e40307441d747137f704131b1349937318d82edf152fc2bfed25fa80a1c51
MFRP_Informational_Requirements_A39-A106/audits/a89_uniform_secant_threshold_audit.py,16905,80002f4bc8db3259bf0a8536b75e534f2403187fe8b91d27c23f1d094f0a68fd
MFRP_Informational_Requirements_A39-A106/audits/a90_prethreshold_all_k_one_variation_audit.py,18324,ceb3f45649bb8ebec650e205256195f43d36ebf5ebf276ec8833e51efa45d50c
MFRP_Informational_Requirements_A39-A106/audits/a91_exact_four_term_offset_three_mechanism_audit.py,21239,dfaee0b64730a0fe6f149d3166c6947fa00243f310c18cd7c6d33f61489bc5c6
MFRP_Informational_Requirements_A39-A106/audits/a92_exact_continuum_offset_three_window_audit.py,31330,65c0c5902f10172b57ea2c0e8c0a76f29549e46471440818f0eb6d89109be6fc
MFRP_Informational_Requirements_A39-A106/audits/a93_exact_continuum_global_one_variation_audit.py,19025,444f138fa25dcb3d31e312152b63f4621ef7f741e731bb5079e8786e304b6060
MFRP_Informational_Requirements_A39-A106/audits/a94_exact_all_cell_continuum_one_variation_audit.py,36807,fa863c24ff0b1a606266cd2b77691967080b78f9491868cc6fbfcb9cc62cd898
MFRP_Informational_Requirements_A39-A106/audits/a95_rational_witness_lift_obstruction_audit.py,22114,093b35877f4a8b14b723c714c4f7a36812a875564bedc5b7a45647c8ffaa2a04
MFRP_Informational_Requirements_A39-A106/audits/a96_full_lp_active_set_resolution_audit.py,16041,191caa81ad198a5a170dfc0e11801580d8b2743f964f3c345f3c976e9ae9033d
MFRP_Informational_Requirements_A39-A106/audits/a97_endpoint_released_interval_and_obstruction_audit.py,31678,0a559dee21d38320c59ae1293aacb5153188fa037288a54a389d4be5d5ceed4b
MFRP_Informational_Requirements_A39-A106/audits/a98_full_lp_active_set_resolution_audit.py,16673,5c5a48fd9b372c6b51c10511f11325fad759346b2d4b97cd46d9090e6da9c25a
MFRP_Informational_Requirements_A39-A106/audits/a99_q0q1_interval_and_residual_atlas_audit.py,31323,7780913adc852feb17b8de884b9d56ef755797527809d3bae2adcdf901c4ceef
MFRP_Informational_Requirements_A39-A106/audits/validate_finite_grid_nonclosure.py,5642,eb065d29ec661390ab6b4b05079d086b7c8d606c259215b221a8a4e2f11dbed4
MFRP_Informational_Requirements_A39-A106/CHANGELOG.md,11736,b85cce8c83de47649e395fe322add29e4dcbde4261fa1ab79a365b9073bac0e9
MFRP_Informational_Requirements_A39-A106/CHANGELOG_A100.md,839,ca089ce47d0e892de2a5c6323e4f0fe4cea6aaf46ee5e22977d9cdabb09ca95d
MFRP_Informational_Requirements_A39-A106/CHANGELOG_A101.md,940,82213b7f89d59e64e2d6c000c66762386dec149b75855f7acadffe8b87f842c4
MFRP_Informational_Requirements_A39-A106/CHANGELOG_A102.md,823,008e0759b1802bb307f38545c1e487721089c354cc244aaf894bd56b568385b4
MFRP_Informational_Requirements_A39-A106/CHANGELOG_A103.md,797,da7f620bf4dc9dce305201dde4e88c3427b48cef87bf6e36394e3a59872f4e0a
MFRP_Informational_Requirements_A39-A106/CHANGELOG_A104.md,585,101af8e5b46d6f9797ef28e79507a801dca2cec4656b087ece9d777187458059
MFRP_Informational_Requirements_A39-A106/CHANGELOG_A105.md,814,f5620a477de2e5cbbcb40a580f09c136b07c8772931e23207629cb0da5e60f4b
MFRP_Informational_Requirements_A39-A106/CHANGELOG_A106.md,771,7b3f5c917fd271dff3629c703eedbe814adcad4e560c8a7522c10566b2bf19c9
MFRP_Informational_Requirements_A39-A106/CHANGELOG_A72_A77.md,408,1d5f34570c15b3999975e6b0061daa635583ea4386bf00c70f04daf406dd4f52
MFRP_Informational_Requirements_A39-A106/CHANGELOG_A78.md,488,0d1b382337ca5acbc3f02cd4275d2ea1f7da77a4c065877deb50a6833906d230
MFRP_Informational_Requirements_A39-A106/CHANGELOG_A79.md,608,b2304075c3e64ae44905ff996f9d9fe70ce60f13e91685f32d239df9377265d5
MFRP_Informational_Requirements_A39-A106/CHANGELOG_A80.md,640,a04c09d1d9509fed17f69f8d6aa49f7a5bcf7f8136fdf20faed178dc26f8300d
MFRP_Informational_Requirements_A39-A106/CHANGELOG_A81.md,842,3841f040b9a2e1e17cfc6c496ff0f204bd9d290f4008fde5b3341577d23a07d4
MFRP_Informational_Requirements_A39-A106/CHANGELOG_A82.md,713,15ecdf6cdc43524d0c88328596779949c749d2aaf30306274444c93fc8ef47b3
MFRP_Informational_Requirements_A39-A106/CHANGELOG_A83.md,696,79cab749a1e1623c83892f640eaa82f96b63b9329928d42a59b0c178a87dae6d
MFRP_Informational_Requirements_A39-A106/CHANGELOG_A84.md,867,479ecf89f138b8fda44aae1cbff1b95ca77aa17979f8be30cccd3753af713ff4
MFRP_Informational_Requirements_A39-A106/CHANGELOG_A85.md,927,5d1cd25d2f435d696bc3fcb5e4afe801e4a192a22d207b9ef8d9acd26b550afe
MFRP_Informational_Requirements_A39-A106/CHANGELOG_A86.md,525,0afc431b1fd187bf2113ae93e0ad9ffef2166017cd32ac40fdfc318b5bfa1824
MFRP_Informational_Requirements_A39-A106/CHANGELOG_A87.md,616,2d2c452700fea5133ceb3c8714f5af76a6515ee25dd6419e138d94b3443b8d66
MFRP_Informational_Requirements_A39-A106/CHANGELOG_A88.md,731,383135972a61c92481f3c53e699973bf3271acd446098491fd56e841f725273e
MFRP_Informational_Requirements_A39-A106/CHANGELOG_A89.md,582,caba73bc8108cc5c5571f0d35ab62d86dfbbb0ca9eebccc100fdf0efe91c5220
MFRP_Informational_Requirements_A39-A106/CHANGELOG_A90.md,537,e3f18de76e42d815b9e7f934f5c8292d130b112666cd208dbd6e0f71231758a3
MFRP_Informational_Requirements_A39-A106/CHANGELOG_A91.md,973,545ce01ca3eb82232aa5a2ed60738dae66da53e1f4c6a61dcf156ddb490ac187
MFRP_Informational_Requirements_A39-A106/CHANGELOG_A92.md,990,43e22f68ef23061e9838c9d1c2b3b9af804de16c3c2a76832d100eb2e1dda4a4
MFRP_Informational_Requirements_A39-A106/CHANGELOG_A93.md,541,539a6b479de413b303e5d737e6439456b7ae2103443802da1a772592685b048d
MFRP_Informational_Requirements_A39-A106/CHANGELOG_A94.md,821,52ac21157c4328ba5c7ea2cef7d59aa7c897131868a9edec6135cfe4d8cc6f50
MFRP_Informational_Requirements_A39-A106/CHANGELOG_A95.md,1002,403abd1f7cae0dab0384dc3bc2ff57df24881d5adcedd6b2db17462109ade35c
MFRP_Informational_Requirements_A39-A106/CHANGELOG_A96.md,572,957878906086f24bddadc2bfc5a73804fcf323a1fcfcf0b7f884ab170efd328d
MFRP_Informational_Requirements_A39-A106/CHANGELOG_A97.md,516,2f0864e5969080c766a0661af84abfea7deba85797fc542c2ba59516bfafdf39
MFRP_Informational_Requirements_A39-A106/CHANGELOG_A98.md,619,9586054fbfb4b6ae5a48de928b76ae608a6058714f1733ca274219c7be22eef1
MFRP_Informational_Requirements_A39-A106/CHANGELOG_A99.md,866,d8e1d61a71eb0cd42c868d50ea1931fdab1ef796de96a77375de04e925f28ff0
MFRP_Informational_Requirements_A39-A106/CITATION.cff,3321,d91cdaf65963a057eebb2a705f6e4898e0d304ddf8c77c989fdc0973ff94442a
MFRP_Informational_Requirements_A39-A106/docs/technical_notes/MFRP_next_step_adjacent_contact_locator.md,10207,ce233ef76a034e0de8ec831e25777ff2653881e66b78b3ee637b4b2064fda2d7
MFRP_Informational_Requirements_A39-A106/docs/technical_notes/MFRP_next_step_all_cell_continuum_one_variation.md,5871,6f8ef1ec483cd7837459c65ff59f44da1b4d51f4d2312db431d63fefd0f969e8
MFRP_Informational_Requirements_A39-A106/docs/technical_notes/MFRP_next_step_bootstrap_spectral_protocol.md,7842,707fc549db624ed48f0a8bb30c6bd9abae655f471341fa72280d25cc4f3f11aa
MFRP_Informational_Requirements_A39-A106/docs/technical_notes/MFRP_next_step_candidate_vs_actual_active_set.md,11700,19f41633d11f7c921241f770482b50f482dc209b79cbf0ad65bbbea6d1510817
MFRP_Informational_Requirements_A39-A106/docs/technical_notes/MFRP_next_step_central_mean_support_family.md,9113,32eeb6565d5b618cc67f69a750a49f9e8574e04a7f582a6365cb507227747f35
MFRP_Informational_Requirements_A39-A106/docs/technical_notes/MFRP_next_step_complete_one_pivot_neighborhood.md,9721,583f88ad8200f84d917b0672f6ca37cbb86a3fc7f668216885ce6e0a4eaaf6ac
MFRP_Informational_Requirements_A39-A106/docs/technical_notes/MFRP_next_step_complete_rational_witness_lift_atlas.md,7290,4a9c73bd05c0117dfc1f34074d4133aba01f8744e7504c884b97a30420b01a94
MFRP_Informational_Requirements_A39-A106/docs/technical_notes/MFRP_next_step_compression_interval_certificate.md,8627,fb963a639389c8e0c16860e426bf9922d9296029a43df905c16bd516a7ef3d4f
MFRP_Informational_Requirements_A39-A106/docs/technical_notes/MFRP_next_step_continuous_first_anchor.md,11138,40b5952f0a49b51861b82348c169dfe782fa20a2bbd75bdf4e77a0ce580bf202
MFRP_Informational_Requirements_A39-A106/docs/technical_notes/MFRP_next_step_continuous_first_anchor_stress.md,7048,d5c794fb9d896c7fa2041b5a884d3fb06a7deade2bc1dc3baaa9b34455d01d97
MFRP_Informational_Requirements_A39-A106/docs/technical_notes/MFRP_next_step_continuous_parameter_audit.md,16552,f2728aa250771efa78cd615104d4494b3fbf7d38726231fc142200f3c55cb288
MFRP_Informational_Requirements_A39-A106/docs/technical_notes/MFRP_next_step_continuous_second_anchor.md,11319,80379a4e9d651cbaae305d652c60d1be8fd6ebb58389d6600c26f7563365e3c8
MFRP_Informational_Requirements_A39-A106/docs/technical_notes/MFRP_next_step_continuum_global_one_variation.md,6113,3fbda1b6367746c50e504336109067612c836884edceda0fd649ef0831b46e49
MFRP_Informational_Requirements_A39-A106/docs/technical_notes/MFRP_next_step_continuum_offset_three_window_atlas.md,7315,8eda1e3a5f282ec781de451690f3cfb08e261e90f49448419030367025d8516f
MFRP_Informational_Requirements_A39-A106/docs/technical_notes/MFRP_next_step_correlated_ellipsoidal_calibration.md,9494,5ebaed6b1885d89a629483c0ea48f4c90c2f28ab211660760c0fabd6a5d72a15
MFRP_Informational_Requirements_A39-A106/docs/technical_notes/MFRP_next_step_cost_regularized_finite_cap.md,8780,5cfcc3753ed42af5f261339876e54a95f182c75f34ee5c88962ca02305ffacc6
MFRP_Informational_Requirements_A39-A106/docs/technical_notes/MFRP_next_step_coupled_second_third_anchor.md,9474,0e0df42ed4eec702144dea6607df4bfe4c0981dc423c240affc9ffd140fc0990
MFRP_Informational_Requirements_A39-A106/docs/technical_notes/MFRP_next_step_cramer_chebyshev_reduction.md,13486,805e3054fa880898094c8f2b5fbcaa2be0304245c565c41ba973e801d16916c3
MFRP_Informational_Requirements_A39-A106/docs/technical_notes/MFRP_next_step_direct_q_minimax_design.md,13145,c8473083a53ca49e5bad4ebdd5ad4c9bd930df287e38fcf52aa9cc5d33abe21c
MFRP_Informational_Requirements_A39-A106/docs/technical_notes/MFRP_next_step_dual_envelope_channel_value.md,11089,363928c80a2cd950355a35dec209a7a2095c9f3259a54c2005c2b0a459135cbe
MFRP_Informational_Requirements_A39-A106/docs/technical_notes/MFRP_next_step_endpoint_released_continuum_segment_atlas.md,5448,586251966f4cc0b20dc775d368ebbd81451647e6adc3753fcf76a8f45396a3c0
MFRP_Informational_Requirements_A39-A106/docs/technical_notes/MFRP_next_step_endpoint_released_interval_and_obstruction_atlas.md,6048,67e005b4e9ad9b202e1fffa09ba6161ce43dd454c1b4236276fc022ab09d9c0d
MFRP_Informational_Requirements_A39-A106/docs/technical_notes/MFRP_next_step_exact_global_phase_theorems.md,12710,53a453b1ba05ac2c09c692e7953cc1f4a6ae093e4a3620d567a5d027c235d69f
MFRP_Informational_Requirements_A39-A106/docs/technical_notes/MFRP_next_step_exact_rational_contact_strip.md,6605,6e1a979e35e3f81706e3a06ca014f8ec43213c8bbf48e45d65f5ebf29878790f
MFRP_Informational_Requirements_A39-A106/docs/technical_notes/MFRP_next_step_exact_secant_offset_classifier.md,5984,aa1b961176e337117e1de96248999eac2f6e81345b297b9402e5a0d8e12daca7
MFRP_Informational_Requirements_A39-A106/docs/technical_notes/MFRP_next_step_exceptional_q0q1_continuum_segment_atlas.md,4682,1a53b6a9515fbb81209e9e845302e4b5958384760e7145a0d2804a94ffab94df
MFRP_Informational_Requirements_A39-A106/docs/technical_notes/MFRP_next_step_expanded_anchor_catalogue.md,10260,79f2dbd521fab7ce6ed04e6e34354fcdad0ee2134395fd926c6787b68077830c
MFRP_Informational_Requirements_A39-A106/docs/technical_notes/MFRP_next_step_finite_budget_design.md,13396,6c1252a8edb5e14fde5345b30a1ee5805ebc6c16fcf72aa2ed42643c81a28dcc
MFRP_Informational_Requirements_A39-A106/docs/technical_notes/MFRP_next_step_finite_cap_implementability.md,9376,d175e8bef3be184b1b331bb106b94f6bd9492171c2492bbfea645b73577590b1
MFRP_Informational_Requirements_A39-A106/docs/technical_notes/MFRP_next_step_finite_grid_nonclosure.md,10457,e4ca7bb282889c19bcf8fcbace3486b8f3348aafdb891610324c313fec94a5b8
MFRP_Informational_Requirements_A39-A106/docs/technical_notes/MFRP_next_step_fixed_family_contact_reset.md,8410,811f4598ebb1fc0e53a35910072680c015c62c39588d05eced5078c34823ea53
MFRP_Informational_Requirements_A39-A106/docs/technical_notes/MFRP_next_step_four_term_offset_three_mechanism.md,5015,c9e14731723355dd630f2b3cfbe8b207bae74c4d05960a4f735911d8ce3fc81c
MFRP_Informational_Requirements_A39-A106/docs/technical_notes/MFRP_next_step_full_lp_active_set_resolution.md,4151,f475637ad6604f44bb692390fcb1507ff1cd9dede551c08f2ab3f0367b2e3bc5
MFRP_Informational_Requirements_A39-A106/docs/technical_notes/MFRP_next_step_gamma_active_interval_and_residual_closure.md,6592,90f09ac2e55e2bd5cf0b330880e7f9e5d2cf1a3a1535e52e9b8400c282b506b3
MFRP_Informational_Requirements_A39-A106/docs/technical_notes/MFRP_next_step_general_covariance_matrix.md,9938,6bcb7616db4720a94293aebb1e5d4338c99c092a12e9e17771e4f265122c288f
MFRP_Informational_Requirements_A39-A106/docs/technical_notes/MFRP_next_step_global_noise_separation_phase_diagram.md,15272,e4fbcd9a8dec891a7a9869691904355e0035140a69b903e58de61938dbb3434d
MFRP_Informational_Requirements_A39-A106/docs/technical_notes/MFRP_next_step_heteroscedastic_third_channel.md,9768,4e1317bec1cbc54b186daf15f91e7f98410cb622dc2b4cb6fb49672b51e79770
MFRP_Informational_Requirements_A39-A106/docs/technical_notes/MFRP_next_step_independent_three_channel_error.md,9324,0819fc6802d3e4e9b6be39cd47610dca77e9f75302ab5418943f3e88e217f74d
MFRP_Informational_Requirements_A39-A106/docs/technical_notes/MFRP_next_step_interval_gamma_bifurcation.md,10604,db54c64d2ab5b7b3b4f0b26f177c5bfd948ab187836f79c29cfa1fcd00c4caf4
MFRP_Informational_Requirements_A39-A106/docs/technical_notes/MFRP_next_step_k_space_exponential_polynomial_stress.md,5994,0a8d5ed1816fb22545b79fa1d4d9c82359aace9e1b92868a5697e78cb7157f94
MFRP_Informational_Requirements_A39-A106/docs/technical_notes/MFRP_next_step_legacy_gamma_minus_continuum_segment_atlas.md,4177,e08c91081eaa6548c13f11e480e761bc6feb6227f2a2287ad9f184302f4dce60
MFRP_Informational_Requirements_A39-A106/docs/technical_notes/MFRP_next_step_legacy_two_band_continuum_segment_atlas.md,5011,1e7d1254611ba20213505cb4246285db11ed9cf9212a53309c3974b721a61dbf
MFRP_Informational_Requirements_A39-A106/docs/technical_notes/MFRP_next_step_local_compression_window_atlas.md,10733,080afb8f08bfedf2bb779942986d88eff4357b6a68811f0dfd3f33ad46db7177
MFRP_Informational_Requirements_A39-A106/docs/technical_notes/MFRP_next_step_local_pivot_diamond.md,10232,1ca3809af5a63b8e694ed90f3b15ce8c2669fe5cbe4baf64a97c25e374baf984
MFRP_Informational_Requirements_A39-A106/docs/technical_notes/MFRP_next_step_monotone_refinement.md,17021,0028d746e4752fff6be96e76766f42660badc033a1a53102fc97f4c4d5ad9058
MFRP_Informational_Requirements_A39-A106/docs/technical_notes/MFRP_next_step_nine_term_secant_positivity.md,6526,3360bbf6d31ed6b8645e71586cf70d57e1f6d33da54cbcff0e59d4561f35951e
MFRP_Informational_Requirements_A39-A106/docs/technical_notes/MFRP_next_step_noise_separation_boundary_layer.md,15452,09f25410b94b2217b27ee516c27e93816448b2c05fec25d97cca562172cee3de
MFRP_Informational_Requirements_A39-A106/docs/technical_notes/MFRP_next_step_orientation_bifurcation.md,9812,b687fa970fea8a8b5d95426af21f7c95b3b3d15be29426f63e32ca5a351b53cc
MFRP_Informational_Requirements_A39-A106/docs/technical_notes/MFRP_next_step_parity_dominant_balance_contact_localization.md,11164,bf248708d09edff1ae8c51b6410a751f0bf4496c0709c5a33bbbb704cdc5d91e
MFRP_Informational_Requirements_A39-A106/docs/technical_notes/MFRP_next_step_parity_double_bifurcation.md,12409,acc9f0f7e753bf834d626fb342f7184208b7d70219c4a325d1dc4cc2e76bd3dc
MFRP_Informational_Requirements_A39-A106/docs/technical_notes/MFRP_next_step_positive_noise_phase_diagram.md,14441,3f9521b14d953e91c0cd8532ab880f1947567b57721d6712bc4756d9a9097289
MFRP_Informational_Requirements_A39-A106/docs/technical_notes/MFRP_next_step_prethreshold_all_k_one_variation.md,5175,3becced8c287fc6643123f7cc909edb5e36284e191b27e0eb4bc828709cc79c9
MFRP_Informational_Requirements_A39-A106/docs/technical_notes/MFRP_next_step_q0q1_interval_and_residual_atlas.md,5802,ce188d2d4c2f4d06c21840dbceb40f21fcc0d95066c1f921b6cf8194c200714f
MFRP_Informational_Requirements_A39-A106/docs/technical_notes/MFRP_next_step_rational_probe_contact_selection.md,6787,c7eab9a1674e353964b74d51506d6fafd7b22e6a839c4dc7e0123a73cb6f94bd
MFRP_Informational_Requirements_A39-A106/docs/technical_notes/MFRP_next_step_rational_witness_lift_obstruction.md,6624,b7f52f1862c315e41b396c790f51f5a176b3ceda3ae90eb345effe322cea0b38
MFRP_Informational_Requirements_A39-A106/docs/technical_notes/MFRP_next_step_reduced_boundary_system.md,10802,90b0583088d9ed5e82d1acd1cf3700de4f937702c77330dead836acf4d82e125
MFRP_Informational_Requirements_A39-A106/docs/technical_notes/MFRP_next_step_robust_interval_data.md,17387,aff7efd8127bcd7f49e24022dbb04941cebbcebc32d4864a806d71fe885822e7
MFRP_Informational_Requirements_A39-A106/docs/technical_notes/MFRP_next_step_scale_normalized_boundary_pair.md,11053,44e0316e7964f6ca6ad6808d22622e5243af9d705a0e02d9da0e3bdebe477fde
MFRP_Informational_Requirements_A39-A106/docs/technical_notes/MFRP_next_step_second_unrestricted_full_lp_resolution.md,3867,998de3ae5f30a9bfdc985254ab06a9351d2663946c8413f0feb11815d1ba8149
MFRP_Informational_Requirements_A39-A106/docs/technical_notes/MFRP_next_step_seven_term_adjacent_sign_atlas.md,3986,7dfab9d25177bea5233f884f0c5730eb4c9fd803e4e707281cc26542cf2d8143
MFRP_Informational_Requirements_A39-A106/docs/technical_notes/MFRP_next_step_sharp_prediction_intervals.md,14938,88aa11373b63d4c1343bfa17b3609967c93f59f57e621b978c16a41a5e77c133
MFRP_Informational_Requirements_A39-A106/docs/technical_notes/MFRP_next_step_signed_q_schur_dominance.md,11368,a2926a341778143a54be03be901abb5e45ed8c6f9af48fcb2dbe9b26f7630f7a
MFRP_Informational_Requirements_A39-A106/docs/technical_notes/MFRP_next_step_spectral_covariance_uncertainty.md,8908,083db7a946afc5f93f7dbb1050e118def23bba8aeb3e42fa82e1160accb5e137
MFRP_Informational_Requirements_A39-A106/docs/technical_notes/MFRP_next_step_structural_generalization.md,13087,46971246d7016e423be15f8a729b0224aafa0d1ecabde5d95eeb2fbdf546fc63
MFRP_Informational_Requirements_A39-A106/docs/technical_notes/MFRP_next_step_target_exclusion_distance.md,9939,4bc18d61eaeb59423e9941cb0a9800b5535be24ba4e64c364d7096791ebd039c
MFRP_Informational_Requirements_A39-A106/docs/technical_notes/MFRP_next_step_target_inclusion_degeneracy.md,10383,dc74506cdc9abac716a5d2ef812050d0a426e95dda273fc5b51bd3a78a8000d3
MFRP_Informational_Requirements_A39-A106/docs/technical_notes/MFRP_next_step_third_unrestricted_full_lp_resolution.md,4035,614b334b910694396a1398a83c7f42fe171c77b34a937adeb394b1902e7b7132
MFRP_Informational_Requirements_A39-A106/docs/technical_notes/MFRP_next_step_uniform_secant_threshold.md,9699,e471229860ff3547d6c7f60e6b55283b17ddd20f6afa1b9ad61bb135bb20ed84
MFRP_Informational_Requirements_A39-A106/docs/technical_notes/MFRP_next_step_universal_continuum_witness.md,10918,e3192a9d2042dbcadeffd8d41aca12acdd92f5f7531c12dae902b122622529f2
MFRP_Informational_Requirements_A39-A106/figures/a100_unrestricted_full_lp_active_set.png,64414,13abe54eb743c3f0932e8b2891992ba4f77871d930e8a9ec84a523e33093b97c
MFRP_Informational_Requirements_A39-A106/figures/a101_gamma_active_interval_and_residual_closure.png,95020,6a97eb5c544380e2d023a9e0edc93ee2bdf7a5711d607033956f9b2a2e1fa1f8
MFRP_Informational_Requirements_A39-A106/figures/a102_complete_rational_witness_lift_atlas.png,186255,18af04599e526c0f647849508c1109a9f9e44df1921a670c1f6647b0211ce633
MFRP_Informational_Requirements_A39-A106/figures/a103_endpoint_released_continuum_segment_atlas.png,116578,896c592dd6d0f57c06837dafbf5c4362d58227429973dc994c498365b0600097
MFRP_Informational_Requirements_A39-A106/figures/a104_exceptional_q0q1_continuum_segment_atlas.png,96674,4a49d6098c452fe943f3d5c2a7f42c2db034ccfb3cd3e645ea81fcbe09362801
MFRP_Informational_Requirements_A39-A106/figures/a105_legacy_two_band_continuum_segment_atlas.png,256019,9a2eb9a74569d2be0c5897d59a5db06d1a2e1d463a9f19d6332e1b55c2fb2a63
MFRP_Informational_Requirements_A39-A106/figures/a106_legacy_gamma_minus_continuum_segment_atlas.png,150072,866d495eafb645fad695a4a1a7c76cf194fd3a1da1d589b2c2cbee583bf168cf
MFRP_Informational_Requirements_A39-A106/figures/a47_global_phase_diagram.png,115600,afc59896048f9143dc8f1d8c9aa08d822933c133fd3e1f91478c6806363188c1
MFRP_Informational_Requirements_A39-A106/figures/a51_target_exclusion_distance_risk.png,75820,5ed538f6530b9e9b26cef2c15caba9df79f1ceec8d94fb8db668e37ae550b077
MFRP_Informational_Requirements_A39-A106/figures/a52_continuous_second_anchor_risk.png,77747,94dffe7a110f34ce4244dc6a11271adae03b1fcc5536ff2792b62f4a608baaf2
MFRP_Informational_Requirements_A39-A106/figures/a53_coupled_anchor_risk_curves.png,105708,2d454a28bbf528e86196902c7cc4d69e8338599545ab73c79526ba6cbc721674
MFRP_Informational_Requirements_A39-A106/figures/a54_universal_continuum_witness_band.png,105849,627afc21a70788daeec1aa23b78c67b9ebe87d0670a3edf10480cbe741d41bce
MFRP_Informational_Requirements_A39-A106/figures/a55_finite_cap_absolute_convergence.png,79052,aa419abf52782bf2ddd017fb1285da08f1f52a6126960de9f1336be10990105d
MFRP_Informational_Requirements_A39-A106/figures/a55_finite_cap_relative_convergence.png,79991,104ddb9bc88f445448f9b17c4dab04ef57c7017d4c8890a02ca552d771ebb361
MFRP_Informational_Requirements_A39-A106/figures/a56_break_even_costs.png,78486,ca56a5c59d00a79aed080d56008ca4dd6f1f4dc1b9337d95015edefcd18f93b0
MFRP_Informational_Requirements_A39-A106/figures/a56_cost_selected_cap_policy.png,41971,4f19cf8822918bd777d7fe0c3bf7cebce32adb45be3d664dba80f7e6683b6768
MFRP_Informational_Requirements_A39-A106/figures/a56_risk_complexity_frontier.png,65188,bcc027910dc5ef177ee7230437115251cc8471c05215f6122e48014eab05f173
MFRP_Informational_Requirements_A39-A106/figures/a57_allowed_noise_increase.png,77767,86111451bb137ec79a51a10b5b6e55e34a16d2d14fc863b4528c7d1c85f0bc91
MFRP_Informational_Requirements_A39-A106/figures/a57_upgrade_threshold_map.png,120757,5c21d1b322d258be163d5cd64c20944079ccf78c1d36b98cc8152ad08179a3b0
MFRP_Informational_Requirements_A39-A106/figures/a58_channel_sensitivity_priority.png,52616,1e8ea4800437626d1b240ad9a67faf63dd0ee3d32371ddc91c0ce3b49f00279a
MFRP_Informational_Requirements_A39-A106/figures/a58_individual_error_impacts.png,45739,4b2867e5a3f48f04fa4963b93b0bb4e571f7289fe6c29b95467cc2e87375ab93
MFRP_Informational_Requirements_A39-A106/figures/a59_exact_vs_linear_correlation.png,97701,39bc7739c97ff4129ddf8c7e1504f711ccc4c8760415d674ff700ed15379b876
MFRP_Informational_Requirements_A39-A106/figures/a59_risk_vs_correlation.png,79324,b9fbb42952c7470ffc198da0bc55b6a8cf1cf1154575459f70bca9d1f724ad2b
MFRP_Informational_Requirements_A39-A106/figures/a59_worst_direction_vs_correlation.png,95562,2e5f754749fca6dba14c313ff41e4201e381552ef0077270ccdacf9b657bc8cd
MFRP_Informational_Requirements_A39-A106/figures/a60_covariance_contributions.png,72748,d354870470db687ae89ceef39a031b55e26e2da298a147974e4b03499294d4b2
MFRP_Informational_Requirements_A39-A106/figures/a60_general_covariance_risks.png,87884,a40a8bb019c8fd8e2fb84b7751cc4b183cb4f9b434bcaefb81730f7225e642ef
MFRP_Informational_Requirements_A39-A106/figures/a60_general_covariance_worst_vectors.png,87852,9ccffbad74961dffbba26e97c04bf49433e19bb8e7c3c45ead7439c9c1d68e3c
MFRP_Informational_Requirements_A39-A106/figures/a61_covariance_uncertainty_premium.png,64994,f4a6472d1cf62d57b2405ce74b74c15e2843e09bb977f701462e7380e8fe13ab
MFRP_Informational_Requirements_A39-A106/figures/a61_spectral_risk_interval.png,102191,e0c221ccfd77245149ae5e74dd9f060a48c2b9405364fa9949846f7eb2d3e50f
MFRP_Informational_Requirements_A39-A106/figures/a61_worst_vector_vs_tau.png,92083,0a4076fe3d53213930a10c78750c471120f7eedf59bc6bbcaec2c9acb05a793d
MFRP_Informational_Requirements_A39-A106/figures/a62_bootstrap_coverage_validation.png,117044,699c5da9a35a2095d2053893185cd78805b19d8147c063d5d3ed1fda72173306
MFRP_Informational_Requirements_A39-A106/figures/a62_contract_availability.png,111559,fca4ffc41f85098b96f2ded6e4e931ecd83a142135fe77120c0a02bf77fcf9d7
MFRP_Informational_Requirements_A39-A106/figures/a62_required_inflation_factors.png,97129,a9aef95a57878e91e2fc45e30f649f8ec7c705868f656a041c177e66f536c8fd
MFRP_Informational_Requirements_A39-A106/figures/a63_noisy_anchor_atlas.png,80832,7ba36cd3ce701cab17a1f428526fccf51c16da8afcbe9b5d1826cbb7190ddd93
MFRP_Informational_Requirements_A39-A106/figures/a63_noisy_third_anchor_offsets.png,125583,13e1a99b67cc3b1f65bb89352be4b39c5b898362b586d3b5eadea9c979ea6f01
MFRP_Informational_Requirements_A39-A106/figures/a63_risk_vs_support_size.png,115545,9316324dc62cf2dc0097c2339cc2bc296e4381de39d8ee5963979001e82e9619
MFRP_Informational_Requirements_A39-A106/figures/a64_boundary_pair_counts.png,77000,7289be6874096175eaad99e820a508b8e6c7cea1cdf3bdf47d5ab43a0016f214
MFRP_Informational_Requirements_A39-A106/figures/a64_normalized_third_anchor_offsets.png,73944,33e0539492b9d31cfb16ea5bfb08a5301c71cb65e954f850ec89172b90409746
MFRP_Informational_Requirements_A39-A106/figures/a64_target_translation_alignment.png,39497,e49065aaaebe33674c7b92fd308ada1b0431355cf335708a4eda51de0acdba1b
MFRP_Informational_Requirements_A39-A106/figures/a65_boundary_sensitivity_distribution.png,44641,491457f456f4f76bf6782652b411ce12dc50d771b883ee15d5ac184e4741003d
MFRP_Informational_Requirements_A39-A106/figures/a65_continuous_grid_margins.png,144761,2c0885e6e56b281a043e7a2c10b4e22881eb94fce313ce0bff9f1a42134a5a3b
MFRP_Informational_Requirements_A39-A106/figures/a65_local_certificate_coverage.png,79779,08f132d0c8bd6efb40f8bb7f959f4761f99a07cb2e6b635dfa278820bcb5922b
MFRP_Informational_Requirements_A39-A106/figures/a65_representative_first_anchor_curves.png,153523,893c105c95fe699bbc38cec23ceef4cd639b88405fa92361ff5fa0062ea8e0bf
MFRP_Informational_Requirements_A39-A106/figures/a66_canonical_global_monotonicity.png,90907,38eda9d16c6eb3ea097640c47a831bb0f1d170d678670b5d35a22197eb517492
MFRP_Informational_Requirements_A39-A106/figures/a66_canonical_phase_map.png,34502,cfe8e9f6e8d0bea3b8e92fbbd07f6fe553bb5b0644cf26bd5b6b7347b23f1a15
MFRP_Informational_Requirements_A39-A106/figures/a66_degenerate_global_monotonicity.png,85256,d3e2272d8c8d053daf5b72be82415f19899ddca30c9e2ae1db484695fbe58e42
MFRP_Informational_Requirements_A39-A106/figures/a67_risk_vs_support_size.png,78578,443e2de5b5e561d563cc126fd3e0046db0c1e95aa26850df7e0ce1428b36e8f4
MFRP_Informational_Requirements_A39-A106/figures/a67_support_family_phase_counts.png,40778,a135eefeead2d8da85a04edb76e8ce58fed3e310adbd96b6c35b9a69e3581787
MFRP_Informational_Requirements_A39-A106/figures/a67_support_family_risk_curves.png,118966,1f61491d64744a314060dcc93ab041df61e0b2cefaf5ee7b7c55325d424abe68
MFRP_Informational_Requirements_A39-A106/figures/a67_support_family_transition_map.png,61556,0423abc70ac168283858cbc86d2facd9ea0dfad29c127c9f04a649522d326c49
MFRP_Informational_Requirements_A39-A106/figures/a68_dual_channel_activity.png,44464,e874e5ce87f31ec38d15d966c34236525b4ab9bdf6ce47c25e3d51bda900db60
MFRP_Informational_Requirements_A39-A106/figures/a68_first_channel_removal_risk.png,79235,42c369d062596ca628f97fd036306ace126f0ab3b31198ef7b345a51e8262211
MFRP_Informational_Requirements_A39-A106/figures/a68_first_channel_value_multiplier.png,68734,4a80461094a3d91a136a8938280b561e2cd60afac7eccf09740242ccea50b696
MFRP_Informational_Requirements_A39-A106/figures/a69_contact_signature_counts.png,51448,97cc60256b80b3e5cdebe791c1ce8597f8d774e8b647fb8eea414180966edd66
MFRP_Informational_Requirements_A39-A106/figures/a69_cramer_orientation_map.png,61290,0673636723c3c00e7bebd3ae1c5d884dd3722282e9e04bd91d1a363a75e3a5aa
MFRP_Informational_Requirements_A39-A106/figures/a69_numerator_flip_margins.png,51408,033a87b5a073064a403a00759970846ff90b58fc6a770db1e03df2cd3489d237
MFRP_Informational_Requirements_A39-A106/figures/a69_order_only_counterexample.png,45707,9933050ed0c747b2abbd248f18beaa78d7499fe10d0496ab86fed3ccc5f385b8
MFRP_Informational_Requirements_A39-A106/figures/a70_minor_class_counts.png,59582,6bd245347ac70daea12a8e5101b559407d6e45290614336a34d30f51e16fc58b
MFRP_Informational_Requirements_A39-A106/figures/a70_phase_dominance_ratios.png,72821,b7fe509bd210545e6a00a8bee1540f16de72766c4c51e0d62a7f1ca5beafd538
MFRP_Informational_Requirements_A39-A106/figures/a70_signed_term_counts.png,67381,21d5ecf601f16deaaf18e572342515012407fa3a7aaf0ca1a8231bf4b1b1a7fc
MFRP_Informational_Requirements_A39-A106/figures/a70_weakest_dominance_phase.png,52214,5847474a41dc742a8b67eb6f7b1d9865763c878a07f573f591bd1ad5b2686de2
MFRP_Informational_Requirements_A39-A106/figures/a71_M10_exact_catalogue_top10.png,55137,4c57990e5d698312b0e45bcf78e422fecbc0ef7c3316447f539b526782f51595
MFRP_Informational_Requirements_A39-A106/figures/a71_M10_global_risk_curve.png,78646,4f26abe471cac6b20d921012c1b55bbd3267e7a979b9ffb31c205985a8eea187
MFRP_Informational_Requirements_A39-A106/figures/a71_M10_phase_map.png,31362,454369fca20a3e2c53a1418fef1a8a9731b8bbe1933a7090563b26e8a369f0de
MFRP_Informational_Requirements_A39-A106/figures/a71_weak_signature_bifurcation.png,82454,1c01f019ac6ac810ff6f53999587b3038175655d22a8296c149c5e18d320eedd
MFRP_Informational_Requirements_A39-A106/figures/a72_exact_catalogue_M11_M12.png,47852,916ee369d8ffb7da03d79f9b8acb23b2c33c5aad4117b3f91486ecc1e0e3db50
MFRP_Informational_Requirements_A39-A106/figures/a72_exact_local_pivot_diamond.png,117081,193ce73c8c6ff74e0d6685f221f9d39b4d75a2618e0fcf376d6fcc6dcdfc08e6
MFRP_Informational_Requirements_A39-A106/figures/a72_M10_M12_global_risk_curves.png,105312,fab946081ef0514e4ff167c3389f64e0defb389299cfa4116d1f185b205e42cf
MFRP_Informational_Requirements_A39-A106/figures/a72_transition_map_M10_M12.png,49211,ddb88c99f87222a59462d0992f6f023cd3850ec4f6874f4b3ffb3a1d06e29247
MFRP_Informational_Requirements_A39-A106/figures/a73_M13_gamma_sign_selection.png,69586,0e66e860f7b697bbc509818f12c0977f8fe33cb7da659f7205d9b2cba2724beb
MFRP_Informational_Requirements_A39-A106/figures/a73_M13_global_risk_curve.png,95062,10e2f8c25ec41ddea5492f14e8cdefa478005db7e70429de9304ce877e1665d4
MFRP_Informational_Requirements_A39-A106/figures/a73_neighbor_classification_by_pivot.png,104862,549ae1d7ccef017cba47ead6eb58b8cb179d1b5aaaeda82d104cf0b4bd0cc370
MFRP_Informational_Requirements_A39-A106/figures/a73_neighbor_classification_by_support.png,69629,b74e02de402aaa57d8679a5a939233cc50f5631914ec71e71d207e605b88ee33
MFRP_Informational_Requirements_A39-A106/figures/a74_gamma_multiplier_common_interval.png,75460,e21b48d35ca3347b51447817fdad8c9b673e53ebcd6e98187e23563026e1136a
MFRP_Informational_Requirements_A39-A106/figures/a74_M13_full_phase_gamma_multipliers.png,76593,441e3af5f10a9c1d73c869de22ad50ad947dc26f994a1d7d115130ed1b35b956
MFRP_Informational_Requirements_A39-A106/figures/a74_M13_M14_phase_complexity.png,36286,b7d19681c607c6b9b69d86486d2141e4ba6ac2f524af026d75d8a6c5cdb0cb8a
MFRP_Informational_Requirements_A39-A106/figures/a74_M14_global_risk_curve.png,83911,b4eb1d687981bfc4debc34a8f3ccce8ad8253db7019f8cc0c957d09d28c81124
MFRP_Informational_Requirements_A39-A106/figures/a75_asymptotic_remainder_bounds.png,52277,3814095d8d3e99e78a00b21cd36e0c1c9b104889900aa7a504e459018d6df78d
MFRP_Informational_Requirements_A39-A106/figures/a75_M15_M16_global_risk_curves.png,89347,e6f714a6c7ac766c9f5a7bab820db4e3dd24cfb2a2e1c9e51d3d191126918f23
MFRP_Informational_Requirements_A39-A106/figures/a75_M15_M16_transition_map.png,50667,848943b183b519423f1f014db783edb30e12fb9b07a67d69109cf01f8274085c
MFRP_Informational_Requirements_A39-A106/figures/a75_support_size_orientation_theorem.png,86668,3def4455c2f9fadef676bac3bb281bcc010aaacf781411e5c6b0ab45824c434d
MFRP_Informational_Requirements_A39-A106/figures/a76_actual_gamma_multiplier_interval.png,99854,164ffc5146ee3da7206d6b6ec8273c31f79300fcfaafa6b1469a17c00eb9721b
MFRP_Informational_Requirements_A39-A106/figures/a76_candidate_vs_actual_signs.png,64438,dda892354b719a1aa24867f07510150f4b40ce8da9bfa14d7c3a5e76970245cb
MFRP_Informational_Requirements_A39-A106/figures/a76_numerical_phase_transition_map.png,68765,0ac7a4d9ebfaecfcbbe3cfc9b17c4f6416d0d63b37d09c88cf2e281b1c214915
MFRP_Informational_Requirements_A39-A106/figures/a76_one_pivot_failure_counts.png,72181,0b08c9bd48a8883bfc37d7822f14841390ad9f56b829976517847587ee561251
MFRP_Informational_Requirements_A39-A106/figures/a77_actual_contact_gamma_reset.png,46756,0b28fa101d26fe53c79d0d273c1fea63746f206491dccfc3cb66b559c1efe46f
MFRP_Informational_Requirements_A39-A106/figures/a77_fixed_family_double_bifurcation.png,85250,29e2f324f8c8322eabf4587278b86543a05611ade22249d30ac455514e495b7d
MFRP_Informational_Requirements_A39-A106/figures/a77_one_pivot_failure_counts.png,70493,aa666107425272cf177f7c74850dd120728dc98e59c47704b1e6e5ca9a4060ff
MFRP_Informational_Requirements_A39-A106/figures/a77_reset_interval_gamma_multipliers.png,83980,f7c45ca220971586ee2f0aedda6b3052b792fdee9081caac31e4a1df31b4d01f
MFRP_Informational_Requirements_A39-A106/figures/a78_rational_probe_contact_selection.png,84479,6a5fb76dce32b91a4404738a3abe038e9ecf42b42579efac7d3e1558a65434d6
MFRP_Informational_Requirements_A39-A106/figures/a79_exact_compression_intervals.png,47532,a39f75c52627275d9dae671eec60f32ee1f287e6376d001d5a9c6c668897a9d1
MFRP_Informational_Requirements_A39-A106/figures/a80_local_compression_window_atlas.png,79180,acfe90affe737f5b0e8b149be43a25992b774e2887d50e707c406ad19dec6461
MFRP_Informational_Requirements_A39-A106/figures/a82_compressed_contact_locator.png,94229,9c599d4604fb37213db5f0e81c3dea47acc7f21a420f5cb54ddadd174540cbd4
MFRP_Informational_Requirements_A39-A106/figures/a83_local_adjacent_contact_sign_atlas.png,62361,a975019029c8e2d3ec0d8d8fd221d97ac57646bb1cad5c7552c129c1cd16ba6d
MFRP_Informational_Requirements_A39-A106/figures/a84_exact_probe_contact_scaling.png,89007,a1d3507dccf9e0215454a8aecaaf9c26a53943785a2054907de3ab5391f5df24
MFRP_Informational_Requirements_A39-A106/figures/a85_parity_asymptotic_contact_localization.png,466226,dfeefd295c5b07e54b7d2cd48f2a436b0d3e6c083d75e9f2209bf430c37b8625
MFRP_Informational_Requirements_A39-A106/figures/a86_exact_three_contact_localizer.png,58714,ece7259c089841b70f7fb327c268840b110f3e53313254f43a0d9e089b40719a
MFRP_Informational_Requirements_A39-A106/figures/a87_exact_secant_offset_classifier.png,163004,62841dfdea9414c3e51961bb055cae47d49b60018a7a5efe896d51e717a73374
MFRP_Informational_Requirements_A39-A106/figures/a88_exact_local_secant_base_contacts.png,112983,d5477503cc0f28c84bb6605a93621d334d4b64e18a77f3a8e1ffc37875a55a4a
MFRP_Informational_Requirements_A39-A106/figures/a89_uniform_secant_threshold_budget.png,102822,ee274887cd3dc7012d6773216be48c9626a1a0687ec031fe4c716b76c3ff6760
MFRP_Informational_Requirements_A39-A106/figures/a90_exact_prethreshold_contact_offsets.png,97813,e13c8e158418f4249d9ca3d3c6f637a217b33736581785af94015edebc8e5ef1
MFRP_Informational_Requirements_A39-A106/figures/a91_offset_three_screen_and_exact_cases.png,68936,5a1a0e5aeeb951d8845fed39c3681caee7393480b86af09ed5c404943bd7cb61
MFRP_Informational_Requirements_A39-A106/figures/a92_continuum_offset_three_windows.png,116989,55bc71d91a322ffea03491f610e986568a2c663fecdcac3c45956c9868da7d32
MFRP_Informational_Requirements_A39-A106/figures/a93_global_offset_three_windows.png,79706,d4d0197f6bab4422f8d5710682ac7874d91c05a1559f7023210071a925ad64e4
MFRP_Informational_Requirements_A39-A106/figures/a94_all_cell_global_phase_atlas.png,122505,3faf9d612a3e781b878dc41c17286dc89cbf70a3fd161308e1351fd5ea0e73c2
MFRP_Informational_Requirements_A39-A106/figures/a95_rational_witness_lift_atlas.png,183418,830bb66faceba99974ee000c228972d22eb0f29605ae764b9792bc4d5dc44b5a
MFRP_Informational_Requirements_A39-A106/figures/a96_unrestricted_full_lp_active_set.png,62687,2b8f89ab996c9e3f6860d7d793947170ef93a2f73e2215673331e31050e83d8b
MFRP_Informational_Requirements_A39-A106/figures/a97_endpoint_released_obstruction_atlas.png,96035,f806c02283850379fa6fd782cf525ec3707a5df5829419938941e1cc6c30adee
MFRP_Informational_Requirements_A39-A106/figures/a98_unrestricted_full_lp_active_set.png,72014,9f4f988ad63d6fcd9a4a6db3c9376df57dd22a4986aa68451a9f5c4bf8e58d16
MFRP_Informational_Requirements_A39-A106/figures/a99_q0q1_interval_and_residual_atlas.png,73508,3d1ef796f717add2e411b2a3c81a3f77516a322fe8524ba57b13b5a7b543d9ec
MFRP_Informational_Requirements_A39-A106/FILE_INVENTORY.md,42961,15311cea873788d573a8867018ed4cda020b1d717f4c3c0493868f2bb4533818
MFRP_Informational_Requirements_A39-A106/GITHUB_RELEASE_CHECKLIST.md,610,8a41deb004016d6b7c3bf56b7f15be9461aeac1430e49ca1421018efa8961284
MFRP_Informational_Requirements_A39-A106/LICENSE_NOTICE.md,686,77fa7e2ed61ff0c38febdd85102ba541eb2432dcb2f979ea5ec97fc86f8483b7
MFRP_Informational_Requirements_A39-A106/MANIFEST.json,188140,6362f6fa59bc8370f252d511ce1c5ebea9e6a7033e2b3778ad2d7ce7e2d4e07d
MFRP_Informational_Requirements_A39-A106/MANIFEST.sha256,79032,e227d8a844777c3b2d3ddf110bdc432bbe79d63a5f61db9d45ed51fc876fb843
MFRP_Informational_Requirements_A39-A106/paper/MFRP-TR-2026-01_Informational_Requirements_v1.1.pdf,421903,1068775641419b73cd08d1c95cb20452616d82d727c330a386e48e16c8210fd3
MFRP_Informational_Requirements_A39-A106/provenance/a100_high_precision_active_set_discovery.json,1585,08a2847e28b288bc47d64a2c52f2179dccc4c347fe208c6418e78de9444e9c7f
MFRP_Informational_Requirements_A39-A106/provenance/a100_high_precision_active_set_discovery.py,7246,97d77192022079067de63558ff5baa4a77ce2431b9825c42ce68f9e0e275d297
MFRP_Informational_Requirements_A39-A106/provenance/a102_complete_atlas/a102_source_certificate_hashes.json,3869,e3e7b3011d93a99f8e135921e0f6e1487531dcd85b8bd9a593eb18c0b178fe25
MFRP_Informational_Requirements_A39-A106/provenance/a103_continuum_atlas/a103_chunk_000_016.json,1461412,30b8a870ff50900dc1c9eabb114bc2eec031e01cea1b140c252e0989f263c964
MFRP_Informational_Requirements_A39-A106/provenance/a103_continuum_atlas/a103_chunk_016_032.json,2429165,7e81316bdd0bce0e53409826f84175a761c0c0afe004adea85f7f333963301c2
MFRP_Informational_Requirements_A39-A106/provenance/a103_continuum_atlas/a103_chunk_032_048.json,3157419,8d1f7b96aaf0b6ba4eaadbfc9a2fea7103f9934158154de3a452a39c63df00c4
MFRP_Informational_Requirements_A39-A106/provenance/a103_continuum_atlas/a103_chunk_048_064.json,3623199,85e6ecdc498363453d1c315acbd973fb9910d83087333bdda9f40f5c49121532
MFRP_Informational_Requirements_A39-A106/provenance/a103_continuum_atlas/a103_chunk_064_076.json,2942202,4769d996d49eb523e49d90b6cb4082ee5b7b4cf9c865cd8f55b25f451f834762
MFRP_Informational_Requirements_A39-A106/provenance/a103_continuum_atlas/a103_sample_replay_000_004.json,286687,7dfd9d92361b87a26aa7f788ab041243452e424332b0774dd11392107a8e5ab2
MFRP_Informational_Requirements_A39-A106/provenance/a103_continuum_atlas/a103_sample_replay_validation.json,571,011f6b2f42c06b4b415275775de7d92751333c9f8a324ac2a713fe3917ccafe2
MFRP_Informational_Requirements_A39-A106/provenance/a104_exceptional_continuum_atlas/a104_record_000.json,362384,687670c58ef80324817d3c3511f46d0ce9824a684d5be4183fc1937b2d9418e1
MFRP_Informational_Requirements_A39-A106/provenance/a104_exceptional_continuum_atlas/a104_record_001.json,400653,16301a5f2ab305c3064ce24e596745d412e4461ec56c3b85b28dec25a62bc3e8
MFRP_Informational_Requirements_A39-A106/provenance/a104_exceptional_continuum_atlas/a104_record_002.json,405908,fe41ce05b424eb7b31d089a156d875180067637724884b46c2bc02c1682d18f3
MFRP_Informational_Requirements_A39-A106/provenance/a104_exceptional_continuum_atlas/a104_record_003.json,414313,5defcf9697de8c9a9343e30e7da113a2c95ddb4524b8b337e8cab14cb850e776
MFRP_Informational_Requirements_A39-A106/provenance/a104_exceptional_continuum_atlas/a104_record_004.json,436848,937ed34bc5e6961252e49582b9a4a27115cae33e5d4317dca5e5f48710b157ef
MFRP_Informational_Requirements_A39-A106/provenance/a104_exceptional_continuum_atlas/a104_record_005.json,442187,f2b0ddd7c7b9426aab795348a0d54b4abb2e99aafb8686bf2dd74d2d3ef62d84
MFRP_Informational_Requirements_A39-A106/provenance/a104_exceptional_continuum_atlas/a104_record_006.json,451622,03fda83d76450066d2db2f0fdc8dbd56b4561e94e652c9ce15900d71c2a5b4bd
MFRP_Informational_Requirements_A39-A106/provenance/a104_exceptional_continuum_atlas/a104_standalone_replay_validation.json,1136,0df4391c7e174f8244069ce187c0d0c7c252861e22f49cd5e7badd83e23be3c6
MFRP_Informational_Requirements_A39-A106/provenance/a105_legacy_two_band_continuum_atlas/a105_records.json,13241493,8c1ac601b688a67a16edb73a9bd507c35ebcd7910799a20920a2e4b83d53e8c5
MFRP_Informational_Requirements_A39-A106/provenance/a105_legacy_two_band_continuum_atlas/a105_standalone_replay_validation.json,15156,f6ca7ad807be858431b1fb18cbc5d90f3c245cdc99c3ca94dc195d36b49c84e4
MFRP_Informational_Requirements_A39-A106/provenance/a105_legacy_two_band_continuum_atlas/records/a105_record_000.json,46556,3c4dd29307569715861cc9bd5e5144b342d058b994673fce7dc49c10959eadfb
MFRP_Informational_Requirements_A39-A106/provenance/a105_legacy_two_band_continuum_atlas/records/a105_record_001.json,46025,83e3773d422f7d547230393a304a03c8a464f21daa4851e2556a2417a22b343d
MFRP_Informational_Requirements_A39-A106/provenance/a105_legacy_two_band_continuum_atlas/records/a105_record_002.json,60687,eb60aa06eab61022c96869d8021e241075476a053aed48a449375ab7c6e68cdd
MFRP_Informational_Requirements_A39-A106/provenance/a105_legacy_two_band_continuum_atlas/records/a105_record_003.json,76508,98bdeca0e47a9359dc9b382f626a43b8ac7343df30018815067b82a8bbb53e45
MFRP_Informational_Requirements_A39-A106/provenance/a105_legacy_two_band_continuum_atlas/records/a105_record_004.json,95893,e977dca0bc50f89f76be03e003df1fa0604d79d7b2c39c536231488dc0ed3b2e
MFRP_Informational_Requirements_A39-A106/provenance/a105_legacy_two_band_continuum_atlas/records/a105_record_005.json,117079,cc129b4e60a01245e17cd22138f89f084eae1dc29cc724d50b9134b154f487b5
MFRP_Informational_Requirements_A39-A106/provenance/a105_legacy_two_band_continuum_atlas/records/a105_record_006.json,148349,4a2f6531972c0ee40d73d548916ed9a1253b876dcab188720a9e63e42d196815
MFRP_Informational_Requirements_A39-A106/provenance/a105_legacy_two_band_continuum_atlas/records/a105_record_007.json,147098,c848cf3d737c4252085aec13f2fd1517c6a39b3f16933271c87fd0186fa43941
MFRP_Informational_Requirements_A39-A106/provenance/a105_legacy_two_band_continuum_atlas/records/a105_record_008.json,168289,f0932c08bde1e35b634ab5d4aeddda48875936e501c9b4f20dd7a88b9f392d00
MFRP_Informational_Requirements_A39-A106/provenance/a105_legacy_two_band_continuum_atlas/records/a105_record_009.json,173601,d9240ede38c8e29ad7da7b351bbe0a214f3150c4d38ea6fcee52cffc10a57f75
MFRP_Informational_Requirements_A39-A106/provenance/a105_legacy_two_band_continuum_atlas/records/a105_record_010.json,178795,56df448892464206232e633a2b41cf6aaf131d7595f2551b76f6e2d4f9015531
MFRP_Informational_Requirements_A39-A106/provenance/a105_legacy_two_band_continuum_atlas/records/a105_record_011.json,205687,8b2e368ca9940b79640857289b8ec3d7cc1d67fa4a31273beafffb41457528c5
MFRP_Informational_Requirements_A39-A106/provenance/a105_legacy_two_band_continuum_atlas/records/a105_record_012.json,208994,b3af05a67c2c17ed15ab9ab6072c8594855d44ba7d8da5be5650a5371e007bbe
MFRP_Informational_Requirements_A39-A106/provenance/a105_legacy_two_band_continuum_atlas/records/a105_record_013.json,235434,0c1367f3de2cf08d1e1c2a16ed501116f82afd4198deca9fce4558d8e40ebc30
MFRP_Informational_Requirements_A39-A106/provenance/a105_legacy_two_band_continuum_atlas/records/a105_record_014.json,237365,c78a056edd61d358627d482c236c3057122ca1f8b8d393eb0464c2d83b3df396
MFRP_Informational_Requirements_A39-A106/provenance/a105_legacy_two_band_continuum_atlas/records/a105_record_015.json,240718,4ab11e0672d4841543d5fcc92cd9d24c4a4be1b60c1395abbc4fc32633a0368e
MFRP_Informational_Requirements_A39-A106/provenance/a105_legacy_two_band_continuum_atlas/records/a105_record_016.json,262207,7bb6762e5f75e377939b8948e0b9e3ce6a8ffccac5fc57269d49a58e3876e898
MFRP_Informational_Requirements_A39-A106/provenance/a105_legacy_two_band_continuum_atlas/records/a105_record_017.json,267351,fa54d261d20d72a9753ecc77087949c2759c8b00d8d0ac61f9800d11af298dc0
MFRP_Informational_Requirements_A39-A106/provenance/a105_legacy_two_band_continuum_atlas/records/a105_record_018.json,277698,a49ad91cbf2312d8b215889233f0b76cd41b3209bc577964ea8c12844051b7ad
MFRP_Informational_Requirements_A39-A106/provenance/a105_legacy_two_band_continuum_atlas/records/a105_record_019.json,297300,ed54690ceb7b99b1cb7bef7b527fdd36fd1fa40e949c156878cd281a1024a031
MFRP_Informational_Requirements_A39-A106/provenance/a105_legacy_two_band_continuum_atlas/records/a105_record_020.json,302394,1a21bb8a558272d2b5fbe0f56251e6994e3734bea7aa4363ef56b1c53f919762
MFRP_Informational_Requirements_A39-A106/provenance/a105_legacy_two_band_continuum_atlas/records/a105_record_021.json,304582,bb0786e4563e8d22f58eb3af885dfb63108fb049fbd978c730fe193ad6eadd6b
MFRP_Informational_Requirements_A39-A106/provenance/a105_legacy_two_band_continuum_atlas/records/a105_record_022.json,309848,92bce7ed19c7bbc278657d29e6a0dc33a7d0969cbc25feb1967a04e93eacad81
MFRP_Informational_Requirements_A39-A106/provenance/a105_legacy_two_band_continuum_atlas/records/a105_record_023.json,324138,e5881ba55ef5aef6eab0d266d58564aa15efc79daa9838806f870bf2fa834d62
MFRP_Informational_Requirements_A39-A106/provenance/a105_legacy_two_band_continuum_atlas/records/a105_record_024.json,329402,fdf23fda57dfb6dda143f26df23795219f5086c9a3e5645f8bfd1697f671e024
MFRP_Informational_Requirements_A39-A106/provenance/a105_legacy_two_band_continuum_atlas/records/a105_record_025.json,329550,fe88262de5d44dbe4b47be494c20f3b21ea81ad7c9e798e3ed29d9ba2fb58588
MFRP_Informational_Requirements_A39-A106/provenance/a105_legacy_two_band_continuum_atlas/records/a105_record_026.json,344826,4ffd0c60450464ab01df451b3f8f5aefc8043e2d7ddb0b4147c99dcba5ce6c98
MFRP_Informational_Requirements_A39-A106/provenance/a105_legacy_two_band_continuum_atlas/records/a105_record_027.json,350210,c474d522aaa66c674be5cf5c1a23eb89c3fb5e4de106b4229b13e1bf7bce23c8
MFRP_Informational_Requirements_A39-A106/provenance/a105_legacy_two_band_continuum_atlas/records/a105_record_028.json,364477,e738c59dbae01c06bb4fc6b478f7a051be2bf141b1a48bd9bde418329f42dde9
MFRP_Informational_Requirements_A39-A106/provenance/a105_legacy_two_band_continuum_atlas/records/a105_record_029.json,366648,a98101fead07c7a042ab2dac04766acfce2b4d1cebab7590be3516440a6c5c95
MFRP_Informational_Requirements_A39-A106/provenance/a105_legacy_two_band_continuum_atlas/records/a105_record_030.json,377055,0ffb37c1411f99f3d47ce34f24290c0722667789aceeb020526a8f0d46fd60d8
MFRP_Informational_Requirements_A39-A106/provenance/a105_legacy_two_band_continuum_atlas/records/a105_record_031.json,382266,392807c4498893acfc316c6a7ed275b4a24bfd7fad7ebea193e6baa859973e21
MFRP_Informational_Requirements_A39-A106/provenance/a105_legacy_two_band_continuum_atlas/records/a105_record_032.json,391320,af78a6d6bac1f5c0e1037e614834b9e6b596f7cb9cada650753385e9d46d0308
MFRP_Informational_Requirements_A39-A106/provenance/a105_legacy_two_band_continuum_atlas/records/a105_record_033.json,417932,0784972776360f8346dc271a4858ff73afe87d7c574308cf8e90f729a3893bb4
MFRP_Informational_Requirements_A39-A106/provenance/a105_legacy_two_band_continuum_atlas/records/a105_record_034.json,422686,4cddcdf190d98f251462b32b6e1d96d27ad989976a9c44e9dd14caba2ce60c49
MFRP_Informational_Requirements_A39-A106/provenance/a105_legacy_two_band_continuum_atlas/records/a105_record_035.json,426290,d34bf47c3090b8ef3aefc941b53c66db08c5c152547f7b00dad5ae9d8fde184e
MFRP_Informational_Requirements_A39-A106/provenance/a105_legacy_two_band_continuum_atlas/records/a105_record_036.json,453128,f09570335fa4db9909853c19e8ab66a182324416f012bbe322952b97c14f85af
MFRP_Informational_Requirements_A39-A106/provenance/a105_legacy_two_band_continuum_atlas/records/a105_record_037.json,454736,eebe678896351a45dd88a852043d12cb9ee5f480eec3e82b159bbff8940253a0
MFRP_Informational_Requirements_A39-A106/provenance/a105_legacy_two_band_continuum_atlas/records/a105_record_038.json,455836,61bf91f72c943183f05fbe37e85f9cfd184432a206ddfd376d614a7636929bf2
MFRP_Informational_Requirements_A39-A106/provenance/a105_legacy_two_band_continuum_atlas/records/a105_record_039.json,458461,aa7d7666fa3bb688972d06b549b3d286b38e74e0df31d93363336fb617bbea13
MFRP_Informational_Requirements_A39-A106/provenance/a106_legacy_gamma_minus_continuum_atlas/a106_standalone_replay_validation.json,6877,867053dbc35206173a443386f9525589880bb6fd08ebd94b5e3cde68b3803538
MFRP_Informational_Requirements_A39-A106/provenance/a106_legacy_gamma_minus_continuum_atlas/records/a106_record_000.json,25640,c4bcf478031a825213743d4e2de6da377ae1e6f309bc6b5a14910363178282cd
MFRP_Informational_Requirements_A39-A106/provenance/a106_legacy_gamma_minus_continuum_atlas/records/a106_record_001.json,30667,cca826af9c722c729fabe96812000e79fce3bc5f7dba768cb60403d962b54da2
MFRP_Informational_Requirements_A39-A106/provenance/a106_legacy_gamma_minus_continuum_atlas/records/a106_record_002.json,31288,02a02f753d89117639b245e47e8ec58852c80f5897026464f34c4898fe6eae54
MFRP_Informational_Requirements_A39-A106/provenance/a106_legacy_gamma_minus_continuum_atlas/records/a106_record_003.json,33219,e96c9eb0a5279ee9ad0150d565cfec0b2c8d2812f907536f633c05fd6cd021b6
MFRP_Informational_Requirements_A39-A106/provenance/a106_legacy_gamma_minus_continuum_atlas/records/a106_record_004.json,37629,33fc72344426e4f21a818732b8d21aa60da5d75ef738fcc7dbb6c54a6e1c9943
MFRP_Informational_Requirements_A39-A106/provenance/a106_legacy_gamma_minus_continuum_atlas/records/a106_record_005.json,38823,2f7f3e66c42dab4e9b9bc2394dc1669bbd9c60127f35ee94db8a2d893b1a2ea0
MFRP_Informational_Requirements_A39-A106/provenance/a106_legacy_gamma_minus_continuum_atlas/records/a106_record_006.json,47368,d47f6e3acc882d52e38def0f55ff08ceb8212f68b429c75200c8cdbe34d5184e
MFRP_Informational_Requirements_A39-A106/provenance/a106_legacy_gamma_minus_continuum_atlas/records/a106_record_007.json,52608,0c72cf5e9388953e075d58b8aa52dffa11dbd62b26410078be19e36b84cb1d3d
MFRP_Informational_Requirements_A39-A106/provenance/a106_legacy_gamma_minus_continuum_atlas/records/a106_record_008.json,57066,54a4eb9ca22ed567a43ab8af392790f4b5d41220659b07436c1f8008f13b655e
MFRP_Informational_Requirements_A39-A106/provenance/a106_legacy_gamma_minus_continuum_atlas/records/a106_record_009.json,62132,e4697f9449a32d51139b07ac7d69a5992b48b1bcb4c850aa991dd2fc2634e3b5
MFRP_Informational_Requirements_A39-A106/provenance/a106_legacy_gamma_minus_continuum_atlas/records/a106_record_010.json,67560,07200ad1a9714b9041d07b66fc8deb979b81f17da8c84e8ad613844d30a429ca
MFRP_Informational_Requirements_A39-A106/provenance/a106_legacy_gamma_minus_continuum_atlas/records/a106_record_011.json,77404,7332d9e350022adc6738577d8a9b7c237f9bbf0e4787e6bfc38a7d84e428a992
MFRP_Informational_Requirements_A39-A106/provenance/a106_legacy_gamma_minus_continuum_atlas/records/a106_record_012.json,82582,77ac48b136c7ebff3ab935e31c58d30fe9390da32208b2617e0888a79875df6c
MFRP_Informational_Requirements_A39-A106/provenance/a106_legacy_gamma_minus_continuum_atlas/records/a106_record_013.json,88669,7533c01ba5197752a5252dc9f69d36f205d9d6d0e4c7288f7c01785cc8717ac8
MFRP_Informational_Requirements_A39-A106/provenance/a106_legacy_gamma_minus_continuum_atlas/records/a106_record_014.json,93227,de866a6968cef079fc9f008b3ffd30370e33eb9d5baf444f5e49200da06a7569
MFRP_Informational_Requirements_A39-A106/provenance/a106_legacy_gamma_minus_continuum_atlas/records/a106_record_015.json,98422,d62d75aa8edd75a1bcd464906d445c16764d7d2afcefe75de5a1246bda27fed0
MFRP_Informational_Requirements_A39-A106/provenance/a106_legacy_gamma_minus_continuum_atlas/records/a106_record_016.json,103660,d251945427305e1b72e3b4b61569d154ba58c0220b211898ed7ec9447584ab43
MFRP_Informational_Requirements_A39-A106/provenance/a106_legacy_gamma_minus_continuum_atlas/records/a106_record_017.json,108974,ca18dc595e974af26364c2e6feb92fc3941db32d2096bcfed318208dfac93975
MFRP_Informational_Requirements_A39-A106/provenance/a95_chunked_replay/a95_chunked_replay_manifest.json,7849,c544592f87f60835f86a04b094d5d99bbe9bbf54acd465f58c1043107c404b9e
MFRP_Informational_Requirements_A39-A106/provenance/a95_chunked_replay/natural/a95_explore_results_0_200.json,193352,a25e3fd5676e92e2cb815e503f194fe53ba813edd4f6a61db7e90b3ade95f384
MFRP_Informational_Requirements_A39-A106/provenance/a95_chunked_replay/natural/a95_explore_results_200_300.json,111371,d5fa7e92d6f0c7d27dd8541610ffb1c21a665d016250301de223cc947ed846ee
MFRP_Informational_Requirements_A39-A106/provenance/a95_chunked_replay/natural/a95_explore_results_300_350.json,57658,737b7e99e829d42ccf5a2f9ad5aef8c3b123f74a70087dd9057b20bc2c16d386
MFRP_Informational_Requirements_A39-A106/provenance/a95_chunked_replay/natural/a95_explore_results_350_400.json,59922,ca76254ec51d65941885efb568cd5fa1a5c363aefa385c0869f6bbacede4a106
MFRP_Informational_Requirements_A39-A106/provenance/a95_chunked_replay/natural/a95_explore_results_400_450.json,64147,d2fccfb6bf3596d0287a481883ef88d230a1fbd67acec60da5a3729a4bfd4af3
MFRP_Informational_Requirements_A39-A106/provenance/a95_chunked_replay/natural/a95_explore_results_450_470.json,23213,ebfc10228b9798fe9d5841e8889a37012e5a4b14a3f8032e520add9fba2dd011
MFRP_Informational_Requirements_A39-A106/provenance/a95_chunked_replay/natural/a95_explore_results_470_490.json,23186,318409f45b7b4b2f410d0ffd91d9b9fbc540c45652b2d042a0f7185741eb6c99
MFRP_Informational_Requirements_A39-A106/provenance/a95_chunked_replay/natural/a95_explore_results_490_510.json,24999,06bfde7dc2c04910d534745d06cc86ce3c1b18391e947b26b03345ccaa4a381b
MFRP_Informational_Requirements_A39-A106/provenance/a95_chunked_replay/natural/a95_explore_results_510_530.json,28326,2f7e3b83aa4cb576e8fbc83c08f9257bd9b03b2b3e131636050ae997c9651a5a
MFRP_Informational_Requirements_A39-A106/provenance/a95_chunked_replay/natural/a95_explore_results_530_550.json,26425,3fbe550b725ec6d13fc5e0575f62e7875a853a10b5acc163b88a81cbeb6d2cea
MFRP_Informational_Requirements_A39-A106/provenance/a95_chunked_replay/natural/a95_explore_results_550_570.json,23965,3f924752e3b1afa96cb47c5baccb6a9a09cee6b689c7fcd40acdc7f8213cd553
MFRP_Informational_Requirements_A39-A106/provenance/a95_chunked_replay/natural/a95_explore_results_570_590.json,27965,b264543d416a95d786cbf9a6f45613c2aeea7e973d3b2e306853978fdadb5149
MFRP_Informational_Requirements_A39-A106/provenance/a95_chunked_replay/natural/a95_explore_results_590_610.json,27801,d1e86176c6bf5787499397d67e4cb3c832ab853fc32fdf5a312f10db38c7b3cc
MFRP_Informational_Requirements_A39-A106/provenance/a95_chunked_replay/natural/a95_explore_results_610_630.json,24281,6f5acf3a5e78e76a5ba8c050d78a7106c0a986830e55a616aa0fbd1cfbf7fad7
MFRP_Informational_Requirements_A39-A106/provenance/a95_chunked_replay/natural/a95_explore_results_630_650.json,27896,e295c9f1441c3da954d5db70defb34d3beb485263820360680fb1dae5669b7af
MFRP_Informational_Requirements_A39-A106/provenance/a95_chunked_replay/natural/a95_explore_results_650_670.json,29706,8cdb97e2697dd356f651bb771e4f6bfcff689b59a43877b99601c00d40387fa3
MFRP_Informational_Requirements_A39-A106/provenance/a95_chunked_replay/natural/a95_explore_results_670_690.json,26259,a9bb0e2c90ae2ddf4f50b04fab7f97ee9827ab4f444dbb4d6e521b7353ca2c2b
MFRP_Informational_Requirements_A39-A106/provenance/a95_chunked_replay/natural/a95_explore_results_690_710.json,31561,278e62914480efdd9f30f90335e881b28a19fd0d1a5780a7044e2cb3d7def5f7
MFRP_Informational_Requirements_A39-A106/provenance/a95_chunked_replay/natural/a95_explore_results_710_730.json,28620,c51a8c0c769695ab4229b563de3584e23004b076ca15844dbeb25b30d57724e4
MFRP_Informational_Requirements_A39-A106/provenance/a95_chunked_replay/natural/a95_explore_results_730_750.json,27675,648523cd2186394d66a41ff96eec4af333d24a9e8af9f0fc4ad9456e148344d0
MFRP_Informational_Requirements_A39-A106/provenance/a95_chunked_replay/natural/a95_explore_results_750_770.json,29372,e2bf748b80d2b8454e7aca6f1be23f3ca4a5e1502f4affcdd386e06de374dcb0
MFRP_Informational_Requirements_A39-A106/provenance/a95_chunked_replay/natural/a95_explore_results_770_780.json,15779,77d9107b0293a593b0ee70e7a17a623a288ac5e197d6f2f419396242c474da0a
MFRP_Informational_Requirements_A39-A106/provenance/a95_chunked_replay/natural/a95_explore_results_780_790.json,14471,2935a6013bb6095fee43cfc7d23a29ad70672d4a14c86c758fde964a9742f27b
MFRP_Informational_Requirements_A39-A106/provenance/a95_chunked_replay/natural/a95_explore_results_790_800.json,14708,1bbec73b3a831fc45dfa5bebca441ef786d75b499c32d478d7a304a24a68bfbc
MFRP_Informational_Requirements_A39-A106/provenance/a95_chunked_replay/natural/a95_explore_results_800_810.json,13946,4cdec385c81829c8149b56f932b0c9a026635c82a33f914ad1abbc046de64321
MFRP_Informational_Requirements_A39-A106/provenance/a95_chunked_replay/natural/a95_explore_results_810_820.json,12923,c49586663853ad1248c7c62595d62b506da46a3c1646a43db084a639161e212d
MFRP_Informational_Requirements_A39-A106/provenance/a95_chunked_replay/natural/a95_explore_results_820_830.json,12981,dab84fa2e8e29e874941b9ba5ecbb76e1bde33c4140b7d2234ecab65a54d3598
MFRP_Informational_Requirements_A39-A106/provenance/a95_chunked_replay/natural/a95_explore_results_830_840.json,14290,a80a07152d8d178dd3db44cd43b1f3e27f0d27b6666bfdf81259cc78710875f2
MFRP_Informational_Requirements_A39-A106/provenance/a95_chunked_replay/natural/a95_explore_results_840_850.json,13952,b24e4efaca2ed7b909c2f1a77cf4d4d1f04c2eff2e3f9e34c2c042327b859d91
MFRP_Informational_Requirements_A39-A106/provenance/a95_chunked_replay/natural/a95_explore_results_850_858.json,11200,65c61492a61ea7fa249fa20781ab63aa473e57e87c55997984f3b677c7f5a041
MFRP_Informational_Requirements_A39-A106/provenance/a95_chunked_replay/prefix/a95_no_local_exhaust_0_5.json,4668,ddd6ee1c5d75e9dced1c8df43cdbf276786ae13e7a3f63fcce95f1e5f5a4c183
MFRP_Informational_Requirements_A39-A106/provenance/a95_chunked_replay/prefix/a95_no_local_exhaust_14_26.json,12048,d45691d9a8932f8a7594f78189a545b5db1adcef1caa59bbba9ab2e7667a0ec5
MFRP_Informational_Requirements_A39-A106/provenance/a95_chunked_replay/prefix/a95_no_local_exhaust_26_28.json,2016,563d46b3230dd077f275bcf01e3b1721c563c7a882a6289d88571c217de6c38b
MFRP_Informational_Requirements_A39-A106/provenance/a95_chunked_replay/prefix/a95_no_local_exhaust_28_29.json,969,21cd8e2f0a3c10580c81e5225e537763ec31896f4134ac2376e9da4273307cf8
MFRP_Informational_Requirements_A39-A106/provenance/a95_chunked_replay/prefix/a95_no_local_exhaust_5_14.json,8448,8370a708272c47f00d20b4b86bf8e8be21700057a68d1cab503e1fb90b939ffa
MFRP_Informational_Requirements_A39-A106/provenance/a96_high_precision_active_set_discovery.json,1385,ab1dbdc648de4a7a6c8ce4abfe3a2b67f12e4fc35740142ae4f4607e0fea7611
MFRP_Informational_Requirements_A39-A106/provenance/a97_phase/a97_atlas_phase.json,106242,1216f0b62d22afcab2e109b93661e037fb296ffe09f94ee56c5afc9d28ca905f
MFRP_Informational_Requirements_A39-A106/provenance/a97_phase/a97_interval_phase.json,2372,eef86c4f6fdb4798f3c3bb676216e6492a463e23770419eee4648c0ba9d62729
MFRP_Informational_Requirements_A39-A106/provenance/a98_high_precision_active_set_discovery.json,1574,95e38b5a462b1c788dd7fdb90f9b145f75df531de927dbad14225c97edcb4c50
MFRP_Informational_Requirements_A39-A106/provenance/a98_high_precision_active_set_discovery.py,7243,c62884bcb77840ab166782505e796549fefaade1d71661823685296676e14e0c
MFRP_Informational_Requirements_A39-A106/provenance/file_map.json,99917,725c48b1ae049e58617af0ce936a62ddfe9b806559623a1c5e1680e0e864cf47
MFRP_Informational_Requirements_A39-A106/pyproject.toml,295,ff6f3928c4b0eec1419c0048aa30280a22e2f4c45c23f656be7c8047bf94c682
MFRP_Informational_Requirements_A39-A106/README.md,20598,52b91a2f680bfe50f742727135e98352d7f8b28d26a188858719a118b4ce4695
MFRP_Informational_Requirements_A39-A106/REPRODUCIBILITY.md,10072,0ca845204025e6c8ca117f7933e209a7899c67da5cbb8b1c1a6887f3923ea5fc
MFRP_Informational_Requirements_A39-A106/REPRODUCIBILITY_A100.md,801,890f681cf60f74a4335f62c84c173a5ec325613f5897eedc441fd3b42b239169
MFRP_Informational_Requirements_A39-A106/REPRODUCIBILITY_A101.md,1079,d8c10c16db0c0589628bb5d5312b60563dbf708efb21503fe536679c5526544f
MFRP_Informational_Requirements_A39-A106/REPRODUCIBILITY_A102.md,1948,2ccf916b1514173d55b4a984e28ee4ec356d6beb1649835c6ac98331ba1d8f4e
MFRP_Informational_Requirements_A39-A106/REPRODUCIBILITY_A103.md,2474,934e6cab11b81688ff13b4cb36cb5dde2633bc17ffc81e9fa6b8586889ffe008
MFRP_Informational_Requirements_A39-A106/REPRODUCIBILITY_A104.md,1015,6bc239da0f639f57d53dd70b235484afb9d1ed1ec1fe6b2a03f58c73fc351e9b
MFRP_Informational_Requirements_A39-A106/REPRODUCIBILITY_A105.md,1382,51e034e07e1aec201656cedb086d5e9d7fca1dc763f70306a3538295fbefb34f
MFRP_Informational_Requirements_A39-A106/REPRODUCIBILITY_A106.md,1539,c376cde1c51c5b009faa9b683a965635e7f8bde8f1aa860a23cf1e9b1c2d3c0f
MFRP_Informational_Requirements_A39-A106/REPRODUCIBILITY_A72_A77.md,743,4bffb2532af1fb64613b8369b3ca674fc7905561e2f3c20aba5d6a60ec059abe
MFRP_Informational_Requirements_A39-A106/REPRODUCIBILITY_A78.md,675,77a3cf9b41d70c6c95f9d9d3e316d622833fed01bb7f65f0c01aac0b293290fd
MFRP_Informational_Requirements_A39-A106/REPRODUCIBILITY_A79.md,1055,18eb9c0b865467c15a309aa7d60d704108aed1bd85032d113dbd38fe2aa620c9
MFRP_Informational_Requirements_A39-A106/REPRODUCIBILITY_A80.md,779,dc675fb855ed6c1aed180ebcfd999b1a9adbdb3c79b2e893354b4d68289f8832
MFRP_Informational_Requirements_A39-A106/REPRODUCIBILITY_A81.md,889,ad00bfe34ce58153bb69b1ff026b168dae2c023bd3381c54fefeee67315d3613
MFRP_Informational_Requirements_A39-A106/REPRODUCIBILITY_A82.md,1111,a46f4beffc245afdbf0f17af74f54a8bf434ca7e3831de14495c9cda5ac7a473
MFRP_Informational_Requirements_A39-A106/REPRODUCIBILITY_A83.md,529,acadb128141b9800f1eaf487003f906096e2a3d25947d4bf136a17f70f20188e
MFRP_Informational_Requirements_A39-A106/REPRODUCIBILITY_A84.md,638,b7d72be018270ba21d5ff6d7c119a4561169c05c0f157e3c868fb1544dd5219f
MFRP_Informational_Requirements_A39-A106/REPRODUCIBILITY_A85.md,1985,7370b298de4444994b182b123a16c44e5fa1ddaa66cf6b9cd1cc31011d374152
MFRP_Informational_Requirements_A39-A106/REPRODUCIBILITY_A86.md,580,800723214f95754f7854611d1f043b16a5a33f464a80d350852fd7752e3b3750
MFRP_Informational_Requirements_A39-A106/REPRODUCIBILITY_A87.md,821,c7be7fd89c16025c679e5421a8134d820d70df4c1cb43ebf00643af3c2114ef7
MFRP_Informational_Requirements_A39-A106/REPRODUCIBILITY_A88.md,650,4ff7cccae03adcf18b147efb6d24e585a20818502a43bc90d6b7a1db180139df
MFRP_Informational_Requirements_A39-A106/REPRODUCIBILITY_A89.md,635,54640c9b1906231cf582a64fb20c3ae89887f4a1047e7377fcaf65f6a12ed1c6
MFRP_Informational_Requirements_A39-A106/REPRODUCIBILITY_A90.md,771,7a77fcd96d4f41953e3078a3042af31f3db249ab3bf3cedda6279778911156f3
MFRP_Informational_Requirements_A39-A106/REPRODUCIBILITY_A91.md,1191,fc3ec6eaae5ab02a0c6baf161ff1261f5ef71eab18f0b574d66349fe87ec79cb
MFRP_Informational_Requirements_A39-A106/REPRODUCIBILITY_A92.md,1141,4d1b0d4d668f15b95bed9267b5d0be55f990ab06763bf70abc5c302860ab1f55
MFRP_Informational_Requirements_A39-A106/REPRODUCIBILITY_A93.md,846,9f8d3453f3fda2c5f3826730eaebbff57225be53900080d8c6e543379c10d94b
MFRP_Informational_Requirements_A39-A106/REPRODUCIBILITY_A94.md,1046,9849079a27a18d58cdbcabbb95a4ae80eccbdeaeb9cf57a1d68922766f7ae12c
MFRP_Informational_Requirements_A39-A106/REPRODUCIBILITY_A95.md,1084,9b693b23e493831c9bc1d31828f1d534644864de70b993c6b57c71a805be5b73
MFRP_Informational_Requirements_A39-A106/REPRODUCIBILITY_A96.md,673,0f505afd5ead897ab3bae9e8b4117df42957866f69e6bd2cdef6d90f84c6fc77
MFRP_Informational_Requirements_A39-A106/REPRODUCIBILITY_A97.md,462,ee67cefc96edc9212387be4bd4516ecafdcb13d92279f46653fac47742db71f6
MFRP_Informational_Requirements_A39-A106/REPRODUCIBILITY_A98.md,656,2170af9c64de0eef804affc22d3c443edf503be3a9c1f0f3f64e2ec62e826732
MFRP_Informational_Requirements_A39-A106/REPRODUCIBILITY_A99.md,765,7d81c832c028df48e8a6a49752785cdf61fce9f7841c0ec5bca443291e8e04d4
MFRP_Informational_Requirements_A39-A106/requirements.txt,63,f00bb222db389ea883732d1a179a12bc485d1f07f2db0f6d2b2e02b6a7171664
MFRP_Informational_Requirements_A39-A106/requirements-lock.txt,74,c9802682d61bf1c12f5f1f5224eb9281f7ca5583521e0bee4115d4bded11400e
MFRP_Informational_Requirements_A39-A106/results/a100_full_lp_active_set_certificate.json,2778742,92abdf14fb21f85a96e42eb9571429b1aa5850dc9dcb41045e73d4e0cd84eca7
MFRP_Informational_Requirements_A39-A106/results/a100_full_lp_active_set_resolution_results.json,70506,65b2ae8820523d4103a6a151fdda17b56aa06769ba75ad8fe5e82836ec725ecc
MFRP_Informational_Requirements_A39-A106/results/a101_gamma_active_final_residual_atlas.json,9555018,d6813d2524856862a30bae95901417e5e44aed229ea0cb2c7eedfcfc7466f716
MFRP_Informational_Requirements_A39-A106/results/a101_gamma_active_interval_and_residual_closure_results.json,5022,7585036b70b06b7b1bd12c9b4af23d76bcc46063967bb6e4b0494e7a7221f59a
MFRP_Informational_Requirements_A39-A106/results/a101_M443_gamma_active_interval_certificate.json,253580,ec773fee7483b31dbad520095664bdaa236071f1cb2c57a0cc5719a15e68d03b
MFRP_Informational_Requirements_A39-A106/results/a102_complete_rational_witness_lift_atlas_catalogue.json,2153649,e00ce851350cc15e138bbfd7e8ac6109a6a3a3c02ccc610224ad7b2b42f33bd1
MFRP_Informational_Requirements_A39-A106/results/a102_complete_rational_witness_lift_atlas_results.json,5787,a502b5a44362834454806ec11359055057fec0ab786d55fbd35f4b56060e80af
MFRP_Informational_Requirements_A39-A106/results/a103_endpoint_released_continuum_segment_catalogue.json,13615858,97025cbcc8f5be599d4fda15ce0dcc9a9e4b11cb91a233f46ee9ae388ae07d8a
MFRP_Informational_Requirements_A39-A106/results/a103_endpoint_released_continuum_segment_results.json,6380,0013e468427527b26a36c9a23c209671b83271db27df5a1e0e201f6b3b70bdcc
MFRP_Informational_Requirements_A39-A106/results/a104_exceptional_q0q1_continuum_segment_catalogue.json,3494142,2580033a5819823b18e19215d5c196abb101d5701ec966921878a2f45a98e02b
MFRP_Informational_Requirements_A39-A106/results/a104_exceptional_q0q1_continuum_segment_results.json,4356,6ebf0ddf28683cb0e173538e4764e356ff9d0af2ff1f491eb3381a2b4e7e9270
MFRP_Informational_Requirements_A39-A106/results/a105_legacy_two_band_continuum_segment_catalogue.json,13243030,bbb9f2c6afd139a9774ce613d2cb7e95b9761e3a0acdd448888fa20aece6024d
MFRP_Informational_Requirements_A39-A106/results/a105_legacy_two_band_continuum_segment_results.json,3524,76acc4f7d55d8a15a56a7d7f1c5dbca443c10d1a6f0254875f8e368eacd1533c
MFRP_Informational_Requirements_A39-A106/results/a106_legacy_gamma_minus_continuum_segment_catalogue.json,1365137,add7f814fbe7f544516c635222b7eaee15e3ca75c5e9fe6078bec4df25564a9e
MFRP_Informational_Requirements_A39-A106/results/a106_legacy_gamma_minus_continuum_segment_results.json,6987,9c91d861588cde4f13aa208e8bf93e33c207b2e66cec0d5051f477bb736292d9
MFRP_Informational_Requirements_A39-A106/results/a39_sharp_prediction_interval_results.json,4220,9265ca2d203717ee4a139c5abf68577f01266a63c2ae7cf47b5ef59d705c3249
MFRP_Informational_Requirements_A39-A106/results/a40_monotone_refinement_results.json,2783,cdcf2320c50d95b8ff2e10d691abea8dbbcb87ed4421fdd7ec2e9f86f6005fcb
MFRP_Informational_Requirements_A39-A106/results/a41_robust_interval_data_results.json,9592,563c8ff50b6dfa574a466c22684cbbc162369cc771d8fd050f15412ac2491f97
MFRP_Informational_Requirements_A39-A106/results/a42_finite_budget_design_results.json,37137,9e83159f596c4a1415dcde392188035acfe42d1e8b73cc83f9a985bfdad1409f
MFRP_Informational_Requirements_A39-A106/results/a43_direct_q_minimax_design_results.json,45774,1d7005b7770bcd1ddb25ab3b00e0b322bcbfff5a621998f6c7e41499cf8f0f69
MFRP_Informational_Requirements_A39-A106/results/a44_continuous_parameter_results.json,5264,72298dd6e576a6982f99234dd897acc7cc7a942ccffa9429028aaa6d7144dd32
MFRP_Informational_Requirements_A39-A106/results/a45_positive_noise_phase_diagram_results.json,10783,55ee618908de35437969087ce86752445cad2b53a75737b3d97347572a7b11ed
MFRP_Informational_Requirements_A39-A106/results/a46_noise_separation_boundary_layer_results.json,7150,ffbc0f8be58bfdb2e7458373fde9e51987710cd2dac1ef8ba7063237942440d5
MFRP_Informational_Requirements_A39-A106/results/a47_global_noise_separation_phase_diagram_results.json,44546,026736fc9f8c46d87c561f1340c9f5ce196e35990da9cba14a5f4c3dafc26841
MFRP_Informational_Requirements_A39-A106/results/a48_target_inclusion_degeneracy_results.json,13803,7fd4fa6e46daf20bdec386c6d56bdc03d7c163e9210507056e7b959251faa60e
MFRP_Informational_Requirements_A39-A106/results/a49_expanded_target_excluding_anchor_catalogue_results.json,418678,3764f3181a824350957685a75998e61154713c6cb6c3377684aeca361203903c
MFRP_Informational_Requirements_A39-A106/results/a50_continuous_first_anchor_results.json,13208,aae01481d91dee279135e04d4c7670f55ce9e4d407e3db39c7e341f8f4dffe51
MFRP_Informational_Requirements_A39-A106/results/a51_target_exclusion_distance_results.json,21520,b42824440f4da207ca4c49e0f0a8ed3ae98dd738c46da6a84b1190c2ddafaa21
MFRP_Informational_Requirements_A39-A106/results/a52_continuous_second_anchor_results.json,14578,fea76ca59d917d50f566678335bded643f291316c13949081ee75cfd15daf76d
MFRP_Informational_Requirements_A39-A106/results/a53_coupled_second_third_anchor_results.json,6631,c59b8a3825bc9927072fea9504ce6735357ff0c849f87e22964a88b830bb1115
MFRP_Informational_Requirements_A39-A106/results/a54_universal_continuum_witness_results.json,15524,a6c65a7f8632928833167161dd0bfc0f18a09cfd39c196feef053424be044f70
MFRP_Informational_Requirements_A39-A106/results/a55_finite_cap_implementability_results.json,19512,e96df359fc3cdbfddc234be6e4b30ba8cca73f66c1990d2a1e0c36d9aeece245
MFRP_Informational_Requirements_A39-A106/results/a56_cost_regularized_finite_cap_results.json,223806,c73fb79ef4a50ac5fabbe0357e8072ea95537f96c9e1009f2bb88b0ab70c65b6
MFRP_Informational_Requirements_A39-A106/results/a57_heteroscedastic_third_channel_results.json,77345,d2701b7c15608a33981fb11f73b71d020abdb49182d505e8ea041e6da256c15f
MFRP_Informational_Requirements_A39-A106/results/a58_independent_three_channel_error_results.json,20667,cadece4f99597a9e46327ebd9dbd15af0b8e03fd43fce036365a5caed6ec38cd
MFRP_Informational_Requirements_A39-A106/results/a59_correlated_ellipsoidal_calibration_results.json,10817,3daf412e75f3f127a795323f6c8d982bf6b9467ef07b75f2e9a8bde21c300af7
MFRP_Informational_Requirements_A39-A106/results/a60_general_covariance_matrix_results.json,16680,596e4f818c1d564ecd1c02641a31b6b0c9ee907775df877d464925c00054074c
MFRP_Informational_Requirements_A39-A106/results/a61_spectral_covariance_uncertainty_results.json,11445,fabb1e8e050429675c5bb08a79ff5707b54eff3023eb3933da189a5f58dafd96
MFRP_Informational_Requirements_A39-A106/results/a62_bootstrap_spectral_protocol_results.json,26957,7e01fd1ba72d1200fa53df71051cd5efcfe89f408d21928a3999709790c76125
MFRP_Informational_Requirements_A39-A106/results/a63_structural_generalization_results.json,102961,d3c9d5c937daacfe023e31c3cd8fe27d6bb0014e5d7eca6fe5eed07607098a80
MFRP_Informational_Requirements_A39-A106/results/a64_scale_normalized_boundary_pair_results.json,319004,9d823ec6f7aa0df70fc56a335c805f23b36a5e969e9677de5ce93cd069362508
MFRP_Informational_Requirements_A39-A106/results/a65_continuous_first_anchor_results.json,9790186,930cf29cbaa96d574a572b87e9091ab097ee1d00e03f196c7486a29bce78f0d4
MFRP_Informational_Requirements_A39-A106/results/a65_continuous_first_anchor_summary.json,539,3f74599dc5bb81c0586b621a7b8ea8b99828e442fce04a43ab1d695a44f8b08b
MFRP_Informational_Requirements_A39-A106/results/a66_exact_global_phase_results.json,104662,7e74a4ea898b5ab640b1022083bcf816f132063fac60762fbffa9fe8d36ca299
MFRP_Informational_Requirements_A39-A106/results/a66_exact_global_phase_summary.json,1210,6049d2a1991e848fedaba5ad67a53b6bb1d9ef7030715add472e0e6e8dc2c978
MFRP_Informational_Requirements_A39-A106/results/a67_central_mean_support_family_results.json,388272,ac7831d183e08c35498e19e77e5a27476dc7c35ae5d8dc71ea1e08437be476ef
MFRP_Informational_Requirements_A39-A106/results/a67_central_mean_support_family_summary.json,1845,47dda8fb661860f5643fdc704d78f822294cd2a6233a4b22481f34418b531eea
MFRP_Informational_Requirements_A39-A106/results/a68_dual_envelope_channel_value_results.json,18942,a9160acd0fa45ad1bcbe3fc3f73f2d983c683b8e9a83c5f1126c945789fd60a2
MFRP_Informational_Requirements_A39-A106/results/a68_dual_envelope_channel_value_summary.json,5318,f4fed9d62f71cd13ca2b4dc2b2d3099e6d6ce8f5289d46c7eacf43d264a69d1a
MFRP_Informational_Requirements_A39-A106/results/a69_cramer_chebyshev_reduction_results.json,68312,4f1942668691097a6412c793c07187cccdf1ecf654ab81e243820b1e62297be2
MFRP_Informational_Requirements_A39-A106/results/a69_cramer_chebyshev_reduction_summary.json,2564,3fa45027ecd52f2380dd585b1723452a25f1459d808ac99b7deed609a11f79d8
MFRP_Informational_Requirements_A39-A106/results/a70_signed_q_schur_dominance_results.json,560008,38f545c440ff56185d527c5907f566e735c6cef72bae36389c539f360c13d773
MFRP_Informational_Requirements_A39-A106/results/a70_signed_q_schur_dominance_summary.json,1235,d373a17fa73277e639b8d82f161f4e3f7a4efabf62c8ab0fd8485e8fd12c98d3
MFRP_Informational_Requirements_A39-A106/results/a71_orientation_bifurcation_results.json,108510,ba2911ef17f870a3421cd5f640a246fa958a0a2e586cf87b6e6a42c3d912c082
MFRP_Informational_Requirements_A39-A106/results/a71_orientation_bifurcation_summary.json,766,c437f1dcdeb8b4c497b62b09900549726895578fc7358b3acd98a93f54913a72
MFRP_Informational_Requirements_A39-A106/results/a72_exact_catalogue_M11.json,847,42486469b4e44bdd87d939567cf1fe1f9cfd6ec4ce27fa1bca8ab515828023aa
MFRP_Informational_Requirements_A39-A106/results/a72_exact_catalogue_M12.json,912,e487f930ec428731056f67699323c8c49b9638231b0653150994829c753cf2b1
MFRP_Informational_Requirements_A39-A106/results/a72_exact_phases_M11.json,89632,0f572b057a5a88103dd0b71332a17d7c83b202fa1c91ed05f1f8f258e79b24d2
MFRP_Informational_Requirements_A39-A106/results/a72_exact_phases_M12.json,98653,1daff14f8fb119cf81627a7150e482096b52f5b75f227a50dde61672ada2e7b8
MFRP_Informational_Requirements_A39-A106/results/a72_local_pivot_diamond_results.json,314803,c17d6b90da9bf8c68beb850df82508a095b4c0cfa18fa63915646806243a44d1
MFRP_Informational_Requirements_A39-A106/results/a72_local_pivot_diamond_summary.json,825,69559eae044f31bcae3f8bc7b29396cab88f8e15fd47c0f82871d5dd7ed4d9cc
MFRP_Informational_Requirements_A39-A106/results/a73_complete_one_pivot_neighborhood_results.json,728559,ccf5979c6ff89ecafc7b143e12ab058ea2fe729aa1d42785ed71f8ea58dddd6e
MFRP_Informational_Requirements_A39-A106/results/a73_complete_one_pivot_neighborhood_summary.json,2701,d55634dfc11fa4b11b75fdd6cbd3145c55629ce57eb3258cb09ea42949c1c9da
MFRP_Informational_Requirements_A39-A106/results/a73_exact_catalogue_M13.json,1228,03ad39a82da6fd7a82a35fec00184243343b7de3b92ffdc86ca2aa03583fda61
MFRP_Informational_Requirements_A39-A106/results/a73_exact_phases_M13.json,140725,c3eedf4a1229a5d427685ccc1cd3724a0e5fe3604cceed855825a42af584be00
MFRP_Informational_Requirements_A39-A106/results/a74_exact_catalogue_M14.json,1293,b73c3ae3c7580e5d8244e0d58f17c76d0a0e3af46fafbe52049f8a3a33369c16
MFRP_Informational_Requirements_A39-A106/results/a74_exact_phases_M14.json,132601,567d3ca2919448deeb3f70be2209e7713608461f30a758996d2e1bb5f4f6b73a
MFRP_Informational_Requirements_A39-A106/results/a74_interval_gamma_bifurcation_results.json,163028,a3f4314721a1f74b8329d5905d7866f95e86f9e874c41a24dc5045c0a926fe6c
MFRP_Informational_Requirements_A39-A106/results/a74_interval_gamma_bifurcation_summary.json,972,acf4fe1fc2d63666bce7747e7a74ded341e2f0cc3789073b423ad4c181bfba7a
MFRP_Informational_Requirements_A39-A106/results/a74_M14_phase_discovery.json,3149,b4f859a478bff820f23d464cdb703d9473b2305efe4f94a20edfb2a3f0c2d8cc
MFRP_Informational_Requirements_A39-A106/results/a75_exact_catalogue_M15.json,1296,7a1a71f1c73bb0536940ef1898f6e072c2c27b6eb957857349d0ba4f6b4cfc5d
MFRP_Informational_Requirements_A39-A106/results/a75_exact_catalogue_M16.json,1353,f63c16f48380f00e3d8bb70cbf364c58021356d4d17bd4091ce26772b3c2fe09
MFRP_Informational_Requirements_A39-A106/results/a75_exact_phases_M15.json,120442,42067eca1ada032221b5aeb996d0cd3a7cbc6fd86585e2c7c0cfc257c30eb144
MFRP_Informational_Requirements_A39-A106/results/a75_exact_phases_M16.json,130419,5d66dbe1009259dc5aef3081a0d9b4bc4e247f155662fb774041932cb59e56a0
MFRP_Informational_Requirements_A39-A106/results/a75_M15_M16_phase_discovery.json,6615,736afb5dadf9cea6fb6a560eaae068514daa83e902614908fd25d041767d7196
MFRP_Informational_Requirements_A39-A106/results/a75_parity_formula_cache.json,10164,6f24a44ff10252020a8dcec80733cecb81924f0172cd97920d911d8e6d351bdf
MFRP_Informational_Requirements_A39-A106/results/a75_parity_orientation_results.json,332815,7043372fbc10e9742c0b30c47af57d605a9e02b986cb238ee00528831bb81987
MFRP_Informational_Requirements_A39-A106/results/a75_parity_orientation_summary.json,1927,15ae9c57acb362193d374d0e240a91d6545e9c0d34ecb53a618d0982345b0417
MFRP_Informational_Requirements_A39-A106/results/a76_active_reentry_results.json,987992,606e1972ede00a357b03a50077f87510270f3c2ca90c6683028048c13255eea8
MFRP_Informational_Requirements_A39-A106/results/a76_active_reentry_summary.json,720,0eacb5841c25c56bab3e3a776ece6c687bb69dc65bc514e846155adcaf25e2c3
MFRP_Informational_Requirements_A39-A106/results/a76_candidate_vs_actual_active_set_summary.json,1333,1142fbc3e3bab0197841bb026bc2fb0ea943fa116f793a481d712848f129fa78
MFRP_Informational_Requirements_A39-A106/results/a76_interval_certificate_results.json,193684,fe3665754b61882905651a8fe2ff79fdb073bd868242f80c83c151d5d1a25ca3
MFRP_Informational_Requirements_A39-A106/results/a76_M21_M23_phase_discovery.json,11570,856cf4ca6cc4e9b5fa4c9f7042f79bb5080864b72ed17dc6a094455d82196e3a
MFRP_Informational_Requirements_A39-A106/results/a76_one_pivot_neighborhood_results.json,714534,e486c456b2395ad7460352ae9933e4a90bd3d5581aa9ccd932b23c5aab328dc4
MFRP_Informational_Requirements_A39-A106/results/a77_contact_family_reset_results.json,2693188,9d3bc899e58ff116acd896a94241380d564ab32d0cab3660748cda0e2933be0f
MFRP_Informational_Requirements_A39-A106/results/a77_contact_family_reset_summary.json,870,88d70bb5005cff8861f3979814f70423e248244fd2f55e6f998e1317c11c9bcc
MFRP_Informational_Requirements_A39-A106/results/a77_fixed_family_parity_formula_cache.json,10982,e4234b7a4d2c45ff765589e48ad4c8879703a5d6284cb57fc20e3d6a5627b82b
MFRP_Informational_Requirements_A39-A106/results/a77_fixed_family_parity_results.json,58310,f039453fab28105e68eac93f7bf28dfa04d393b4707cd7c8a9978268968080ed
MFRP_Informational_Requirements_A39-A106/results/a77_interval_support_M23.json,65278,7ca9400b237ff04b0dee3f7f698543548e379458d3be29f3ec1b7b9f584a5210
MFRP_Informational_Requirements_A39-A106/results/a77_interval_support_M24.json,67912,d40ee914067b4fb986be0b772653142f0dc3cf1c8ad46a27b007b78ceab90675
MFRP_Informational_Requirements_A39-A106/results/a77_interval_support_M25.json,71249,829541e2ca12ea4b7fba160364f94e004e1aecc7675ab1ac0998597e63bdae46
MFRP_Informational_Requirements_A39-A106/results/a77_one_pivot_contact_reset_results.json,2296401,3060f2a83282614c401d5af6e570f25f573e8c1278e3221c442563f935e40688
MFRP_Informational_Requirements_A39-A106/results/a78_rational_probe_branch_catalogue.json,1765537,dc961a0827592c2849579c6d3053305c91ac46d8fb84eefc8fc50557f1850fb5
MFRP_Informational_Requirements_A39-A106/results/a78_rational_probe_contact_selection_results.json,82688,3e2b1e0cbddbf0081ed9176a946271b36274ad37ce329bfd2c0f76893a6684dd
MFRP_Informational_Requirements_A39-A106/results/a79_boundary_polynomials.json,13810,02b93f03a97d9e1bb248766cfba1a5f53dc2a3e48d775b682c24f202c1bd9cf1
MFRP_Informational_Requirements_A39-A106/results/a79_compression_interval_results.json,28028,e30978ce88a0a29b3ee38418fc86ae5de9466d6e62aba325922b5a592b799fbc
MFRP_Informational_Requirements_A39-A106/results/a80_boundary_polynomial_catalogue.json,302876,806caa63639956b1776af0a6329a53505f9d64823afdf7cc140261fb8de7d562
MFRP_Informational_Requirements_A39-A106/results/a80_interval_KKT_condition_certificates.json,936758,2d8f672f94ddd45b4347692c442537f6b2b00c57d749a637f2936447faa67f4c
MFRP_Informational_Requirements_A39-A106/results/a80_local_compression_window_atlas_results.json,88941,33c4e7bdd37ae3b6cb450010dc2c712631e09729151862ff98c466c3b6a365b4
MFRP_Informational_Requirements_A39-A106/results/a81_all_contact_positive_gap_certificates.json,2611749,a97ce6c7e87d5e190ce82594b9b5eb8a613a1568dde6d555d414788008c6ec66
MFRP_Informational_Requirements_A39-A106/results/a81_reduced_boundary_system_results.json,420870,309e510c417722958c77475620cdefbc5d71992d248b84eaacf7b59cacbe21d2
MFRP_Informational_Requirements_A39-A106/results/a81_selected_contact_coefficient_formulas.json,411254,08505cda254b4c8a4bd568b5ed88f3c3c22ea907e2b5d9a4f537a87a176cd296
MFRP_Informational_Requirements_A39-A106/results/a82_adjacent_contact_locator_results.json,102754,1f20217770a0917d81e449bf6393c6bd22a141049f2c80abb9492cbbdbd49cab
MFRP_Informational_Requirements_A39-A106/results/a82_adjacent_difference_catalogue.json,290058,a4a8f1d04f22b788cb79155ca3a37ee4922535b1198f61dceaf3875a4339ed68
MFRP_Informational_Requirements_A39-A106/results/a83_seven_term_adjacent_factor_catalogue.json,2711648,5755a5fc4c65d7bc3e1a42a5652cac485fc41bd26d13e2c9b125e55ca39cd151
MFRP_Informational_Requirements_A39-A106/results/a83_seven_term_adjacent_sign_atlas_results.json,109748,7ce5c4430be609cfdc2af8a81d2c74cdc9239370f73456a9a17097dd16764924
MFRP_Informational_Requirements_A39-A106/results/a84_k_space_exponential_polynomial_stress_results.json,317289,b69279661caf548ae601b888deb5afcb1d73fb70fe491a86c2a94ef6686cbb7c
MFRP_Informational_Requirements_A39-A106/results/a84_probe_contact_and_crossing_catalogue.json,314137,7ef1e83f3789f8b75841e580dafce7d758740a77744616b6b48375c9d8e67e1a
MFRP_Informational_Requirements_A39-A106/results/a85_parity_dominant_balance_contact_localization_results.json,836008,0ec088c75c436594957bbed71eddbd8dca63799b91159a002294ee3511a1de13
MFRP_Informational_Requirements_A39-A106/results/a85_transition_dominant_balance_catalogue.json,830240,8f8f1ceef2808bf44bb49bc791f0a091f0fc4efb1c752f112e4a5787a8d77030
MFRP_Informational_Requirements_A39-A106/results/a86_exact_rational_contact_strip_catalogue.json,483966,c332a50f75160062dee1b1f94d6b00f1b378a3fa793a0e36a124f322d5ef813e
MFRP_Informational_Requirements_A39-A106/results/a86_exact_rational_contact_strip_results.json,6401,48db4bb11d248f4fc2f3edebcdf656213dfacb8a283c7ca968d75f638c9f1754
MFRP_Informational_Requirements_A39-A106/results/a87_exact_secant_offset_classifier_catalogue.json,6628805,04d021ddbfda43da106e18af03556bba393e2e31270e01a5355104dc1226cb88
MFRP_Informational_Requirements_A39-A106/results/a87_exact_secant_offset_classifier_results.json,20732,78f80de0af885abdd650ebbabc62ae20c44f6c7b27b168b659dad4c1af76f920
MFRP_Informational_Requirements_A39-A106/results/a88_nine_term_secant_positivity_catalogue.json,1913002,28547d20cdd6764ac15e59f63e0f7e6a28158310d51b8fec513af53784d6a935
MFRP_Informational_Requirements_A39-A106/results/a88_nine_term_secant_positivity_results.json,4940,d78dc26ab0290ff8d0233bbe32a7e957b1dcbc2a2c8af6c593355a00eb88345e
MFRP_Informational_Requirements_A39-A106/results/a89_uniform_secant_threshold_catalogue.json,1054728,f947bbdb6d047f606276dbd8d995ab02fa2ad2e29b9130032141f6b766dc0d17
MFRP_Informational_Requirements_A39-A106/results/a89_uniform_secant_threshold_results.json,39793,83b56fd1805e7d2ae9e5c017e0f943137be9cebe57ff6a804ff4e2d5aa09b87f
MFRP_Informational_Requirements_A39-A106/results/a90_prethreshold_all_k_one_variation_results.json,19141,9e418a71669f17c9b4756e8d6c3da32714d3a2f025e232e69cf76cc55245a5f1
MFRP_Informational_Requirements_A39-A106/results/a90_prethreshold_contact_sequence_catalogue.json,1746983,ec1e71bc1d6939061ca9aeae5b4e83e9e2d9f0fc6795f069dbd5333637f963a5
MFRP_Informational_Requirements_A39-A106/results/a91_four_term_offset_three_catalogue.json,2443107,541ae677ba98aa7edb9efc05ec701f155f8fbbbbde1f7bbe36a54f632121857a
MFRP_Informational_Requirements_A39-A106/results/a91_four_term_offset_three_results.json,205362,ed58d9421fff9bb0c143b278fe5b129fff12999c6cdb73bf4bf3167f45ded569
MFRP_Informational_Requirements_A39-A106/results/a92_continuum_offset_three_window_catalogue.json,689139,29b71ec71e068c3d851cf04fbcd0fcd679988eeca012f8a22670d6bdfdbd91e3
MFRP_Informational_Requirements_A39-A106/results/a92_continuum_offset_three_window_results.json,13920,8796d5e31d31f67ba582a27f3d1c60f45c0f8904739d2dedfc3e02ecf3626ea0
MFRP_Informational_Requirements_A39-A106/results/a93_continuum_global_one_variation_catalogue.json,1881151,0ae44523f25f9f5b6f4f7cbc6808891dc80ac2d3466d45a5bb3230b95475202b
MFRP_Informational_Requirements_A39-A106/results/a93_continuum_global_one_variation_results.json,3569,eead8101e117a8d80f988d2b33a2518f6b2aedad1ba89de0b5ef0cd53bd4cb62
MFRP_Informational_Requirements_A39-A106/results/a94_all_cell_continuum_one_variation_catalogue.json,3710964,923dc25eba187cff838258123abafb5b9c2b2062c28a28089bd6b404c7a8cfb7
MFRP_Informational_Requirements_A39-A106/results/a94_all_cell_continuum_one_variation_results.json,3792,de18b7b19219e55481ad257917ac2875621deb9a34a438c82572d74df27e3dc1
MFRP_Informational_Requirements_A39-A106/results/a95_rational_witness_lift_catalogue.json,1293786,326edd554a3e4b0b3a74e2f985aef462c826910d5f708cefa1cfe5d011e96b85
MFRP_Informational_Requirements_A39-A106/results/a95_rational_witness_lift_results.json,9036,005aefe165635744e57f78e49189cbf7acbe19c57c9080aaeeb967ec77e35b3a
MFRP_Informational_Requirements_A39-A106/results/a96_full_lp_active_set_certificate.json,248956,660a191f2a8acee06463266930c7653cf4bd88432a79daec573862829b8a7f8a
MFRP_Informational_Requirements_A39-A106/results/a96_full_lp_active_set_resolution_results.json,21134,e99b455aa2d18f1d22781c2d01aeb6b276f732b882b6b57ac073f1c12a5f3cc8
MFRP_Informational_Requirements_A39-A106/results/a97_endpoint_released_interval_and_obstruction_results.json,6512,974cfdc39b4f5b9951601a6c26e43bc3f4b59dc8882cc7a31caea88e680d9f79
MFRP_Informational_Requirements_A39-A106/results/a97_endpoint_released_obstruction_catalogue.json,106329,ddc65d33830f8fafb8253253e65b7d65876dc15369df0bf2edf7b5e75e8a1707
MFRP_Informational_Requirements_A39-A106/results/a97_M125_endpoint_released_interval_certificate.json,2372,eef86c4f6fdb4798f3c3bb676216e6492a463e23770419eee4648c0ba9d62729
MFRP_Informational_Requirements_A39-A106/results/a98_full_lp_active_set_certificate.json,1827374,ed61067769f1e1cbc104f7a74a94f2ef3c113f9baaefd2641df7efa87155294b
MFRP_Informational_Requirements_A39-A106/results/a98_full_lp_active_set_resolution_results.json,43778,7bb3bbd9c291f568e02134648f142757ff19037cef06b5c5180e467064792367
MFRP_Informational_Requirements_A39-A106/results/a99_M396_q0q1_interval_certificate.json,203735,1783b749e4e72cdd2485f58e5c1ea1574197f3690e6ad6bf9a2b11638e63925b
MFRP_Informational_Requirements_A39-A106/results/a99_q0q1_interval_and_residual_atlas_results.json,4157,cc014167c1c331aa3003592fc757ba09256202a69d1184379235338f3d67677e
MFRP_Informational_Requirements_A39-A106/results/a99_q0q1_remaining_residual_atlas.json,49290,ba62e7af42298488273a1cf0cb4051fdd025ae157a3ab09493b8aae69d963aff
MFRP_Informational_Requirements_A39-A106/RUNBOOK.md,11827,31abc6fe347e80af7c766a55385e7b01b7b6119476fec4a35c24cfd269ad8e8b
MFRP_Informational_Requirements_A39-A106/RUNBOOK_A100.md,458,5f6e5a8ec41b230abc1721926dbb7b191ae26da199b9e413e8bedb7945b2cc18
MFRP_Informational_Requirements_A39-A106/RUNBOOK_A101.md,634,43b02b62d0937a39a8c731f573b07f2bc848929837aebfbe223d6913e92f88f7
MFRP_Informational_Requirements_A39-A106/RUNBOOK_A102.md,1070,031a96104c47f117fe3918e280bb178680ae9f0a96d675f7648116d1fffb1094
MFRP_Informational_Requirements_A39-A106/RUNBOOK_A103.md,2056,abc10d8267ef62918e7b409c82e7189bfb10d04c034065c9c880f27a9fe8b9a0
MFRP_Informational_Requirements_A39-A106/RUNBOOK_A104.md,1867,532292885ce133c447ffd9b0d61944152f323fe4f5d6a0ba4aca2357234f6c6e
MFRP_Informational_Requirements_A39-A106/RUNBOOK_A105.md,1913,313014d5fb5f3760700888974fb50b48642b98b74e064a0d09143d71f578f5c9
MFRP_Informational_Requirements_A39-A106/RUNBOOK_A106.md,1571,743bbfc96bc892ee2116726d69cd9e23a6c3f7102d69edfa5c456c4634ce4844
MFRP_Informational_Requirements_A39-A106/RUNBOOK_A72_A77.md,1132,f5c507b80a45f3c51a6f08f86bae51d0b57a4214a51a7ac16e98dd5ccc04fb11
MFRP_Informational_Requirements_A39-A106/RUNBOOK_A78.md,778,603fa5ea6bf3d95ea09284141c3e85c878fb7646fa30362bd32a830c572685a3
MFRP_Informational_Requirements_A39-A106/RUNBOOK_A79.md,739,cb4ebbb87a251511d3d443cefc4b3720707efe6a180257d93471b4fa07eccd9c
MFRP_Informational_Requirements_A39-A106/RUNBOOK_A80.md,790,ff9c43be481b0edfeb691f83cc93af737eda79ab04900827686729d35fbf72a2
MFRP_Informational_Requirements_A39-A106/RUNBOOK_A81.md,717,12de57bd19f569023df6a47b39dab1aff008183c28203fd79f341abe2908b5e7
MFRP_Informational_Requirements_A39-A106/RUNBOOK_A82.md,675,d81a025aa786b4ad355e0e3b75cc4b2a8a835b9c34dccdfecabe24b4054af53f
MFRP_Informational_Requirements_A39-A106/RUNBOOK_A83.md,434,bb5bcf3dfa393a5eaf7115d72e3eec54dd636f12547a08ba1730e05dfca8aff9
MFRP_Informational_Requirements_A39-A106/RUNBOOK_A84.md,443,40b778cf7756e888a8ffc40cf1ba3e708bfd3c78543c709cf57e7a7f83f5349e
MFRP_Informational_Requirements_A39-A106/RUNBOOK_A85.md,590,5e9f76028f24fc9ddae7b70355cb45501088e57a41c4a5968eb52b25369e86c5
MFRP_Informational_Requirements_A39-A106/RUNBOOK_A86.md,515,eb1a7887626fdeef311b720b2513363abb386f95c6c2459f470789ebb77bb0ca
MFRP_Informational_Requirements_A39-A106/RUNBOOK_A87.md,526,2500d801a04424e581dafaff7bcc43dca90ad66baaab8b21de5105dc67f545a8
MFRP_Informational_Requirements_A39-A106/RUNBOOK_A88.md,449,751fb393b89f969e8c9b13a357bbb79271dc120c3464a176da6a2f31f8af5aa6
MFRP_Informational_Requirements_A39-A106/RUNBOOK_A89.md,467,f783d6a8624c849d4c0242b5b73cbd5613035263528e25627b8b75aa6aced418
MFRP_Informational_Requirements_A39-A106/RUNBOOK_A90.md,452,80a21fd8afde247a4cd00d31d7c721b6e0cd3b6c774e615ea2b637a5cfac675a
MFRP_Informational_Requirements_A39-A106/RUNBOOK_A91.md,855,8d1f175318f5b37f4129ebcfebf9639e53e09ee3ac33c869add63886321e4034
MFRP_Informational_Requirements_A39-A106/RUNBOOK_A92.md,832,fc0bde5e668c2da3d8bff9e2ee6f5c7a456fe1cd878888ca1d03ae36933fe6bf
MFRP_Informational_Requirements_A39-A106/RUNBOOK_A93.md,507,df972225598e96d502e63098d3202cc1e2b674ee241520ab57dfb975407fb3f8
MFRP_Informational_Requirements_A39-A106/RUNBOOK_A94.md,526,d542d25d4aae13af236ee7cefae14640f12411acb54a7511646a4a171e063631
MFRP_Informational_Requirements_A39-A106/RUNBOOK_A95.md,617,f7108eca9179331857022f6aae330aa7629e181af4b1ff577bfc90dfa0c577cf
MFRP_Informational_Requirements_A39-A106/RUNBOOK_A96.md,380,843312a82a8b55a30350411123d404f02019147a9d83bcfef68200ae695f4ad0
MFRP_Informational_Requirements_A39-A106/RUNBOOK_A97.md,846,7c2e304ee816b2169f8101b5a3642226de9817d751f3accbd8329217952961f7
MFRP_Informational_Requirements_A39-A106/RUNBOOK_A98.md,402,5affeaa193b1e7ba245cc59689e01f4ad29cb13112021ebab0e529e2740732d0
MFRP_Informational_Requirements_A39-A106/RUNBOOK_A99.md,386,791d94889567e2325dfcdb7239bff7f53fab5b04755bb959b6fc0cbd2b6c689d
MFRP_Informational_Requirements_A39-A106/templates/a60_covariance_input_template.json,425,30ee323ac903c8ab5a9a769472f8e9342a8e2dc2b937482ff1e5d665e66e7856
MFRP_Informational_Requirements_A39-A106/templates/a61_covariance_confidence_set_template.json,505,1917b95acfd25ae08ffc38aab5d77ad83753608c2c209aee0f89e3f58bcee0ec
MFRP_Informational_Requirements_A39-A106/templates/a62_bootstrap_protocol_template.json,663,581470347a175577a53c38a5465c4f395f70b9dd5313c5badebf2633160fb3ad
MFRP_Informational_Requirements_A39-A106/tests/test_audit_integrity.py,61024,5a3ba267cd6c65f2771412e6ade7c09155a9e45d2054ec1f9657e0e1a9a4ecf9
MFRP_Informational_Requirements_A39-A106/tools/generate_a100_figure.py,1671,86cbd875a93d2b8b18d1fef550778d762c038a5c30180f6566616414f75444b7
MFRP_Informational_Requirements_A39-A106/tools/generate_a101_figure.py,2761,1170c3e9643e4d9f07685e46280d92169ffe96f372a326a38c816a439c25cd45
MFRP_Informational_Requirements_A39-A106/tools/generate_a102_figure.py,1965,7f88c57992bd51b4010ca5b6a7a0a6c9978f689455d53db6a81d28178ee3f863
MFRP_Informational_Requirements_A39-A106/tools/generate_a103_figure.py,2744,b73cfbabece1f06034b2d005084ded69f183c0d40f9dddea54ce6f8ab6a8d5d5
MFRP_Informational_Requirements_A39-A106/tools/generate_a104_figure.py,2598,95844cced8beafd1b6f7557f1bf2437ac5ca8be19434d8c94285239a18acd3bf
MFRP_Informational_Requirements_A39-A106/tools/generate_a105_figure.py,2679,f96e98a6f0359688fad8519b3f394c5d4168ec6ad83cf490afd5ddfbcd5c6bf6
MFRP_Informational_Requirements_A39-A106/tools/generate_a106_figure.py,2661,d57a3eec0bccee7a3c014e0be9d116ab5f82caee3f6116918de64512636245a2
MFRP_Informational_Requirements_A39-A106/tools/generate_a79_figure.py,1584,42b3674c5e75f25188301ee77ee0571474996985c5beb5f16d55a990712be2dd
MFRP_Informational_Requirements_A39-A106/tools/generate_a80_figure.py,1509,4e5ad4e87fd094b1ee59015f59ef92759d260f4fafbafb820f7a5aea181a6ede
MFRP_Informational_Requirements_A39-A106/tools/generate_a82_figure.py,1572,7f5bbfd6ae939952841e25ed6e1768eff7138d3cf7a99b7e3241ab5a90a721bc
MFRP_Informational_Requirements_A39-A106/tools/generate_a83_figure.py,767,57d0a6a1cefe475a31f125a2e641a15643cd76f6817f14f620e67e371ee5c1d5
MFRP_Informational_Requirements_A39-A106/tools/generate_a84_figure.py,1281,e409efab08b7f01b99aac636c0405b4dded9225af67b27296070bddce8fc46b2
MFRP_Informational_Requirements_A39-A106/tools/generate_a85_figure.py,2810,80f95e11190674c3d217b8ee7721c6d95822cd12f42cb0da20c7f3cb90823e04
MFRP_Informational_Requirements_A39-A106/tools/generate_a86_figure.py,942,55839e29553a8363711c12a3446a2fb4e05449df233268a9ebb299b318e451e8
MFRP_Informational_Requirements_A39-A106/tools/generate_a87_figure.py,1638,a21de53e92c372fbb35f187e7cbd036c77aa32768e422c9835ba5c8f611441c2
MFRP_Informational_Requirements_A39-A106/tools/generate_a88_figure.py,1467,5b81a89de0fad36fd4404358200e77f7c4b991b2447a39742d1ff4c0c0299bed
MFRP_Informational_Requirements_A39-A106/tools/generate_a89_figure.py,2051,8cad6e52358c598db7ee5b5d784c01b5b52cfabcfa11ed91167730a17e730165
MFRP_Informational_Requirements_A39-A106/tools/generate_a90_figure.py,2188,d667981e7c86c22f37bc8f67b0d86e96c84e3d6d22a4c337b478e95f12361179
MFRP_Informational_Requirements_A39-A106/tools/generate_a91_figure.py,1783,93d7e048dc87dd666283773b2c5261bcfb6b9f04f80aa46e111b7d14d7e93241
MFRP_Informational_Requirements_A39-A106/tools/generate_a92_figure.py,1843,eb2ce81061f5bf4d5b64be34c5991e8454eadf98b3cf7fd906f010573a09993f
MFRP_Informational_Requirements_A39-A106/tools/generate_a93_figure.py,2018,81395046609de69c4cd7ead58fd03891b92f4a4554152672e4ac1c823912e312
MFRP_Informational_Requirements_A39-A106/tools/generate_a94_figure.py,2088,65cd2a5b598e02b92877be9d46c117b5f3174dda806112571718d996f3e33932
MFRP_Informational_Requirements_A39-A106/tools/generate_a95_figure.py,1641,a36679f3c52713a65977723cee3a6ded8049ce37c13b0ed90a55a88717d2b881
MFRP_Informational_Requirements_A39-A106/tools/generate_a96_figure.py,1182,3778132127c09e8dd1c58b56c8b58217e2b27607296200edf25549be43c4bfe2
MFRP_Informational_Requirements_A39-A106/tools/generate_a97_figure.py,1871,6bde015d5aa23aab36eac3afe0824d881203c1fdcf52655b561815eb6f9d8050
MFRP_Informational_Requirements_A39-A106/tools/generate_a98_figure.py,1431,5f84e92b40f8617a20ecbdb4b0888947e9177f40120320c039569e9dfca3a740
MFRP_Informational_Requirements_A39-A106/tools/generate_a99_figure.py,2015,dc384953c70c23abd4dec3a65ba02b6c7b9593d3d1ca541d85d6fb73a794af51
MFRP_Informational_Requirements_A39-A106/tools/generate_english_figures.py,33172,6f6c80b19a414071cdd1ed9c2d79df47922009b42e19567f0d6ce17ed89db720
MFRP_Informational_Requirements_A39-A106/tools/materialize_runtime.py,906,2022c36266ed545a454e949293d8779a188eeb907e8eb420559262f608ed1d0a
MFRP_Informational_Requirements_A39-A106/tools/run_a105_record.py,776,c4eaa4512c51a0453319c076795c05551929ebf3fca72e44b22b36e45b22cc1b
MFRP_Informational_Requirements_A39-A106/tools/run_all_audits.py,1768,242d0abc3bf3957346f6dd4cfdcbf2aec0f607fff0c3877baf78eaa1a6ffae90
MFRP_Informational_Requirements_A39-A106/tools/verify_results.py,2009,d5dc53c718a661718412e7d5a272b3f9a5bd50d6851e36c13c816c4621e77aae
MFRP_Informational_Requirements_A39-A106/VERIFICATION_REPORT.json,771,9208178eef48d2394130b5c01587205d5b7a4ffd66b55186d01dc19e0df8c97a
MFRP_Informational_Requirements_A39-A106/VERIFICATION_REPORT.md,1484,e207634a6e4b08cff146dec335eaed740a4a391c81f9f5ea1ae9976ce0b46e84
MFRP_Informational_Requirements_A39-A106/VERIFICATION_REPORT_A100.md,1557,50288016b585666417aa8808b2e1fff359f58d5f294acec0d40f5bc7745b3fbd
MFRP_Informational_Requirements_A39-A106/VERIFICATION_REPORT_A101.md,2400,3a5a11e7ee41609567e18b13a639d20d4070292566c44b9bfd0f5d64e9b1a318
MFRP_Informational_Requirements_A39-A106/VERIFICATION_REPORT_A102.md,3170,dbae3776815a87ec465a1692e412ff8a65daa84485ac9ddd95ef25688a0d095f
MFRP_Informational_Requirements_A39-A106/VERIFICATION_REPORT_A103.md,2191,dd49c5593e773ff824a610e14a7ddee72b37985b5419efb55df257107b735663
MFRP_Informational_Requirements_A39-A106/VERIFICATION_REPORT_A104.md,2629,edb5be1dce75c4c26f71a4cbd6cc5902ff40234d45ef9f1ab72db01b8be33e81
MFRP_Informational_Requirements_A39-A106/VERIFICATION_REPORT_A105.md,2613,4043b07459c002c2765571145797433ec2ab2328e361f8ca2faeab6d79c89cea
MFRP_Informational_Requirements_A39-A106/VERIFICATION_REPORT_A106.md,2583,fafdcb3691c68b67b6bafa41e4c80938666f99d000fd615def8f267e15ba1834
MFRP_Informational_Requirements_A39-A106/VERIFICATION_REPORT_A89.md,1234,677f019e060968552089477287638f4d73afc9f1b2783322dfb2bcf3ee3c2f79
MFRP_Informational_Requirements_A39-A106/VERIFICATION_REPORT_A90.md,1569,524411d08e4de9ac9f53217b767fd50a3c0d8aec4673ebfa6a3bb1e75926c1bd
MFRP_Informational_Requirements_A39-A106/VERIFICATION_REPORT_A91.md,1780,a15c04a3941a6c4d4444b050de91007929789f2189f6c2ae41c7b6b1eb3df4e9
MFRP_Informational_Requirements_A39-A106/VERIFICATION_REPORT_A92.md,836,d20f98872565fc077eecf5ef8b38dfd8759fcdfb83925bc41853f75b62787bd4
MFRP_Informational_Requirements_A39-A106/VERIFICATION_REPORT_A93.md,1172,0cb06b634f2b26e0a11e1c580854a751cc0e2653a4e68c8f9cb4b9c6f86d7afb
MFRP_Informational_Requirements_A39-A106/VERIFICATION_REPORT_A94.md,1254,a5653d259dea969fb70f1735083a2e625f2f66f839a17aec795f6f42f3f72f7e
MFRP_Informational_Requirements_A39-A106/VERIFICATION_REPORT_A95.md,2851,ef6656e2d83851dadcad39e3a5b35239479514f69128d00df2f39c4bc6a557b8
MFRP_Informational_Requirements_A39-A106/VERIFICATION_REPORT_A96.md,1195,e09d95668c4968c1a0f1a022da569af3f326aa5d25fdd0840d500b7f6d665b68
MFRP_Informational_Requirements_A39-A106/VERIFICATION_REPORT_A97.md,1450,51ab5b89b7ecbb1801c528f608fda3c31cae3b7e1cafa3497fc01cdb4cb24f8a
MFRP_Informational_Requirements_A39-A106/VERIFICATION_REPORT_A98.md,1561,32e1b401e19d60cafc71e9adb48a22cde8a05f46249a0178a91e25b07db4f5ac
MFRP_Informational_Requirements_A39-A106/VERIFICATION_REPORT_A99.md,1868,f13795e2a1a2aad7754edac655c359daf1d5dc6098007192da7a9d987ca36e16
MFRP_Informational_Requirements_A39-A71/.gitignore,94,5a53663970e9d44ac070524fa7b4395d30c21fe859db0df568e773e9d5a158a7
MFRP_Informational_Requirements_A39-A71/AUDIT_INDEX.md,13296,67d7d07f408e99c685c4c1b2b1816cd9f511ceea8a88a7e5605c32d55c0d3ec6
MFRP_Informational_Requirements_A39-A71/audits/a39_sharp_prediction_interval_audit.py,16436,5d05c6464a045dbd49060e2924e3c411b0db1189f01776fdffd73f478b5ffb17
MFRP_Informational_Requirements_A39-A71/audits/a40_monotone_refinement_audit.py,6628,1ce096e87e450d1f43a5cef462e7e3923a58a583ddfd7786ad6852b34c8d3330
MFRP_Informational_Requirements_A39-A71/audits/a41_robust_interval_data_audit.py,16832,71431c90d3ba2934d8df113cb5925cca3129aea7721639025d2dfce7cfbfd4f1
MFRP_Informational_Requirements_A39-A71/audits/a42_finite_budget_design_audit.py,13792,756fc95eea1a4ddf5b8a53601f21f53170e1585760795399e224a0a079b003e0
MFRP_Informational_Requirements_A39-A71/audits/a43_direct_q_minimax_design_audit.py,14725,62516a018aea6c638668705700c0440f22c07019c747677770ddcd80f64e8295
MFRP_Informational_Requirements_A39-A71/audits/a44_continuous_parameter_audit.py,23419,bee61a0590cbaa7ad23b4e232a92eb8faab17e7587b8118c170bc7e009e7361d
MFRP_Informational_Requirements_A39-A71/audits/a45_positive_noise_phase_diagram_audit.py,28807,029d473d35c74522d38dc8917569219730129158f413f6658eaea323809db8be
MFRP_Informational_Requirements_A39-A71/audits/a46_noise_separation_boundary_layer_audit.py,24962,c2118bf07881c6d2e091b035e8507d6327824d2241bb59e7663a6519f70ee566
MFRP_Informational_Requirements_A39-A71/audits/a47_global_noise_separation_phase_diagram_audit.py,39214,7eecb097982358838dfa7cc40edd81431bfc7e66f3188083db36bc13a3a7df0e
MFRP_Informational_Requirements_A39-A71/audits/a48_target_inclusion_degeneracy_audit.py,12634,81cbe052a7a9a5f5533e553b2221a769166458d4bbb55382214b06378c5dd067
MFRP_Informational_Requirements_A39-A71/audits/a49_expanded_anchor_catalogue_audit.py,17757,8bf07b5681c8c4ef637cc2c461fa74b0052602c8b2f7e37c8145c85e6f5c4828
MFRP_Informational_Requirements_A39-A71/audits/a50_continuous_first_anchor_audit.py,26083,e03f2fa61fadc8d2f5c09b63970b7adb96188f6e825120491a814690c9303849
MFRP_Informational_Requirements_A39-A71/audits/a51_target_exclusion_distance_audit.py,27315,6ac6eb38aca18222efef28cb7bf81ab122efc4d5f48c3e6d18bba1a61d28a3a5
MFRP_Informational_Requirements_A39-A71/audits/a52_continuous_second_anchor_audit.py,27152,77aa01a4a2331df2bd762df1afb6c07be462eb29fb032ebe2582a9a0e90f86e0
MFRP_Informational_Requirements_A39-A71/audits/a53_coupled_second_third_anchor_audit.py,18639,e39b123b07854fdab66bf251d63630f29183332f32b5e67206ae1f8cab26d43a
MFRP_Informational_Requirements_A39-A71/audits/a54_universal_continuum_witness_audit.py,14937,31e21b59b74b3085bcde50db4dbecb81cf20411b739e998f1299a1dd1f61977d
MFRP_Informational_Requirements_A39-A71/audits/a55_finite_cap_implementability_audit.py,20044,c850aefd2a624f35dd7d57e1166d4931fac2eab09906ad58885503fc8ba4af5e
MFRP_Informational_Requirements_A39-A71/audits/a56_cost_regularized_finite_cap_audit.py,11006,214e3c64c6849b9cfcd2ea6296fb0499b55457fb718844a3811d684df04b40e6
MFRP_Informational_Requirements_A39-A71/audits/a57_heteroscedastic_third_channel_audit.py,26267,47b074238e0641117d357d2b0ba3753d662434ed177ade061559f627c94b3f40
MFRP_Informational_Requirements_A39-A71/audits/a58_independent_three_channel_error_audit.py,20859,f2cbe637c0fa5eea273bc4d91845abdb25e6ab62ae413cfacc439045b49695f2
MFRP_Informational_Requirements_A39-A71/audits/a59_correlated_ellipsoidal_calibration_audit.py,16744,fd90e0f6a51d881a92879361d65ac77bc1457feafc49400c6f2a1c403d9713b3
MFRP_Informational_Requirements_A39-A71/audits/a60_general_covariance_matrix_audit.py,16795,e64f5aeb92f59b9f8739f1fae7c808ec8836edd4473473282c76afe206dbca19
MFRP_Informational_Requirements_A39-A71/audits/a61_spectral_covariance_uncertainty_audit.py,13458,7cc258311c7fa0b3e06b20c6fbd4f7d393de37dee10d8a091699cf639b8b3ed1
MFRP_Informational_Requirements_A39-A71/audits/a62_bootstrap_spectral_protocol_audit.py,27906,ecad2aca48f0ac0dcc52eabfd3e009a3599e8baeb5e92e12b5f3b1e8a62441b4
MFRP_Informational_Requirements_A39-A71/audits/a63_structural_generalization_audit.py,23771,85533ceacaf6bc3614e197fc7382b45598bfe35b1833d626461094e958a16085
MFRP_Informational_Requirements_A39-A71/audits/a63_structural_generalization_exact_helpers.py,31365,d55e5673385dba3cb8863024d22edce974e0f1f85b31674907fd1ccf5ecee5af
MFRP_Informational_Requirements_A39-A71/audits/a64_scale_normalized_boundary_pair_audit.py,19627,9ff1e2fb0bf60911305aaaa7cd839b9051662349c2015dc8f9b6efaeca2028b3
MFRP_Informational_Requirements_A39-A71/audits/a64_scale_normalized_boundary_pair_exact_helpers.py,37405,fc5615bcd195baadb7e7af78dab379cf706f6365249451cc3f2313ea784d4275
MFRP_Informational_Requirements_A39-A71/audits/a65_continuous_first_anchor_audit.py,31512,0e5b635a5bc504cb418bfe00437d38605c7f1f4265746ed37606c677b25fdf4f
MFRP_Informational_Requirements_A39-A71/audits/a66_exact_global_phase_audit.py,34711,0665a89c5162b98e3fe8abff50730b1a569870576c56a93b0cdbeb970765c04f
MFRP_Informational_Requirements_A39-A71/audits/a67_central_mean_support_family_audit.py,18818,92273f935ccb769223b1233606bb7966c48ebacf7bcd897115cd2cc92a268217
MFRP_Informational_Requirements_A39-A71/audits/a68_dual_envelope_channel_value_audit.py,14983,f83fd797afa9c09026de4384cd3c4d442f2c2875e88b2815ccd9f1a20609e81d
MFRP_Informational_Requirements_A39-A71/audits/a69_cramer_chebyshev_reduction_audit.py,29612,788dbefa422f2ca1f91c8c62e03771d2380ee09ac0c22c344443eb4f2f9ce42b
MFRP_Informational_Requirements_A39-A71/audits/a70_signed_q_schur_dominance_audit.py,34703,1ed3dfa10aa0ac7964943f1a5a74b21430ea46461a83c9c6de5bb9e80404c277
MFRP_Informational_Requirements_A39-A71/audits/a71_orientation_bifurcation_audit.py,26181,3cd47c4ed325c3dcd1d8ac96c0dbcc26f656eef25707531b05fc3ace38c6f914
MFRP_Informational_Requirements_A39-A71/audits/validate_finite_grid_nonclosure.py,5642,eb065d29ec661390ab6b4b05079d086b7c8d606c259215b221a8a4e2f11dbed4
MFRP_Informational_Requirements_A39-A71/CHANGELOG.md,292,d7ece9865c58963d297a900c5d908a14fa0dd45faad63ac71cbf72c57f0f8ffa
MFRP_Informational_Requirements_A39-A71/CITATION.cff,898,d2692a277af6066d1aadef14b32273a82fcc2cb8d405c2804746caac318e703f
MFRP_Informational_Requirements_A39-A71/docs/technical_notes/MFRP_next_step_bootstrap_spectral_protocol.md,7842,707fc549db624ed48f0a8bb30c6bd9abae655f471341fa72280d25cc4f3f11aa
MFRP_Informational_Requirements_A39-A71/docs/technical_notes/MFRP_next_step_central_mean_support_family.md,9113,32eeb6565d5b618cc67f69a750a49f9e8574e04a7f582a6365cb507227747f35
MFRP_Informational_Requirements_A39-A71/docs/technical_notes/MFRP_next_step_continuous_first_anchor.md,11138,40b5952f0a49b51861b82348c169dfe782fa20a2bbd75bdf4e77a0ce580bf202
MFRP_Informational_Requirements_A39-A71/docs/technical_notes/MFRP_next_step_continuous_first_anchor_stress.md,7048,d5c794fb9d896c7fa2041b5a884d3fb06a7deade2bc1dc3baaa9b34455d01d97
MFRP_Informational_Requirements_A39-A71/docs/technical_notes/MFRP_next_step_continuous_parameter_audit.md,16552,f2728aa250771efa78cd615104d4494b3fbf7d38726231fc142200f3c55cb288
MFRP_Informational_Requirements_A39-A71/docs/technical_notes/MFRP_next_step_continuous_second_anchor.md,11319,80379a4e9d651cbaae305d652c60d1be8fd6ebb58389d6600c26f7563365e3c8
MFRP_Informational_Requirements_A39-A71/docs/technical_notes/MFRP_next_step_correlated_ellipsoidal_calibration.md,9494,5ebaed6b1885d89a629483c0ea48f4c90c2f28ab211660760c0fabd6a5d72a15
MFRP_Informational_Requirements_A39-A71/docs/technical_notes/MFRP_next_step_cost_regularized_finite_cap.md,8780,5cfcc3753ed42af5f261339876e54a95f182c75f34ee5c88962ca02305ffacc6
MFRP_Informational_Requirements_A39-A71/docs/technical_notes/MFRP_next_step_coupled_second_third_anchor.md,9474,0e0df42ed4eec702144dea6607df4bfe4c0981dc423c240affc9ffd140fc0990
MFRP_Informational_Requirements_A39-A71/docs/technical_notes/MFRP_next_step_cramer_chebyshev_reduction.md,13486,805e3054fa880898094c8f2b5fbcaa2be0304245c565c41ba973e801d16916c3
MFRP_Informational_Requirements_A39-A71/docs/technical_notes/MFRP_next_step_direct_q_minimax_design.md,13145,c8473083a53ca49e5bad4ebdd5ad4c9bd930df287e38fcf52aa9cc5d33abe21c
MFRP_Informational_Requirements_A39-A71/docs/technical_notes/MFRP_next_step_dual_envelope_channel_value.md,11089,363928c80a2cd950355a35dec209a7a2095c9f3259a54c2005c2b0a459135cbe
MFRP_Informational_Requirements_A39-A71/docs/technical_notes/MFRP_next_step_exact_global_phase_theorems.md,12710,53a453b1ba05ac2c09c692e7953cc1f4a6ae093e4a3620d567a5d027c235d69f
MFRP_Informational_Requirements_A39-A71/docs/technical_notes/MFRP_next_step_expanded_anchor_catalogue.md,10260,79f2dbd521fab7ce6ed04e6e34354fcdad0ee2134395fd926c6787b68077830c
MFRP_Informational_Requirements_A39-A71/docs/technical_notes/MFRP_next_step_finite_budget_design.md,13396,6c1252a8edb5e14fde5345b30a1ee5805ebc6c16fcf72aa2ed42643c81a28dcc
MFRP_Informational_Requirements_A39-A71/docs/technical_notes/MFRP_next_step_finite_cap_implementability.md,9376,d175e8bef3be184b1b331bb106b94f6bd9492171c2492bbfea645b73577590b1
MFRP_Informational_Requirements_A39-A71/docs/technical_notes/MFRP_next_step_finite_grid_nonclosure.md,10457,e4ca7bb282889c19bcf8fcbace3486b8f3348aafdb891610324c313fec94a5b8
MFRP_Informational_Requirements_A39-A71/docs/technical_notes/MFRP_next_step_general_covariance_matrix.md,9938,6bcb7616db4720a94293aebb1e5d4338c99c092a12e9e17771e4f265122c288f
MFRP_Informational_Requirements_A39-A71/docs/technical_notes/MFRP_next_step_global_noise_separation_phase_diagram.md,15272,e4fbcd9a8dec891a7a9869691904355e0035140a69b903e58de61938dbb3434d
MFRP_Informational_Requirements_A39-A71/docs/technical_notes/MFRP_next_step_heteroscedastic_third_channel.md,9768,4e1317bec1cbc54b186daf15f91e7f98410cb622dc2b4cb6fb49672b51e79770
MFRP_Informational_Requirements_A39-A71/docs/technical_notes/MFRP_next_step_independent_three_channel_error.md,9324,0819fc6802d3e4e9b6be39cd47610dca77e9f75302ab5418943f3e88e217f74d
MFRP_Informational_Requirements_A39-A71/docs/technical_notes/MFRP_next_step_monotone_refinement.md,17021,0028d746e4752fff6be96e76766f42660badc033a1a53102fc97f4c4d5ad9058
MFRP_Informational_Requirements_A39-A71/docs/technical_notes/MFRP_next_step_noise_separation_boundary_layer.md,15452,09f25410b94b2217b27ee516c27e93816448b2c05fec25d97cca562172cee3de
MFRP_Informational_Requirements_A39-A71/docs/technical_notes/MFRP_next_step_orientation_bifurcation.md,9812,b687fa970fea8a8b5d95426af21f7c95b3b3d15be29426f63e32ca5a351b53cc
MFRP_Informational_Requirements_A39-A71/docs/technical_notes/MFRP_next_step_positive_noise_phase_diagram.md,14441,3f9521b14d953e91c0cd8532ab880f1947567b57721d6712bc4756d9a9097289
MFRP_Informational_Requirements_A39-A71/docs/technical_notes/MFRP_next_step_robust_interval_data.md,17387,aff7efd8127bcd7f49e24022dbb04941cebbcebc32d4864a806d71fe885822e7
MFRP_Informational_Requirements_A39-A71/docs/technical_notes/MFRP_next_step_scale_normalized_boundary_pair.md,11053,44e0316e7964f6ca6ad6808d22622e5243af9d705a0e02d9da0e3bdebe477fde
MFRP_Informational_Requirements_A39-A71/docs/technical_notes/MFRP_next_step_sharp_prediction_intervals.md,14938,88aa11373b63d4c1343bfa17b3609967c93f59f57e621b978c16a41a5e77c133
MFRP_Informational_Requirements_A39-A71/docs/technical_notes/MFRP_next_step_signed_q_schur_dominance.md,11368,a2926a341778143a54be03be901abb5e45ed8c6f9af48fcb2dbe9b26f7630f7a
MFRP_Informational_Requirements_A39-A71/docs/technical_notes/MFRP_next_step_spectral_covariance_uncertainty.md,8908,083db7a946afc5f93f7dbb1050e118def23bba8aeb3e42fa82e1160accb5e137
MFRP_Informational_Requirements_A39-A71/docs/technical_notes/MFRP_next_step_structural_generalization.md,13087,46971246d7016e423be15f8a729b0224aafa0d1ecabde5d95eeb2fbdf546fc63
MFRP_Informational_Requirements_A39-A71/docs/technical_notes/MFRP_next_step_target_exclusion_distance.md,9939,4bc18d61eaeb59423e9941cb0a9800b5535be24ba4e64c364d7096791ebd039c
MFRP_Informational_Requirements_A39-A71/docs/technical_notes/MFRP_next_step_target_inclusion_degeneracy.md,10383,dc74506cdc9abac716a5d2ef812050d0a426e95dda273fc5b51bd3a78a8000d3
MFRP_Informational_Requirements_A39-A71/docs/technical_notes/MFRP_next_step_universal_continuum_witness.md,10918,e3192a9d2042dbcadeffd8d41aca12acdd92f5f7531c12dae902b122622529f2
MFRP_Informational_Requirements_A39-A71/figures/a47_global_phase_diagram.png,115600,afc59896048f9143dc8f1d8c9aa08d822933c133fd3e1f91478c6806363188c1
MFRP_Informational_Requirements_A39-A71/figures/a51_target_exclusion_distance_risk.png,75820,5ed538f6530b9e9b26cef2c15caba9df79f1ceec8d94fb8db668e37ae550b077
MFRP_Informational_Requirements_A39-A71/figures/a52_continuous_second_anchor_risk.png,77747,94dffe7a110f34ce4244dc6a11271adae03b1fcc5536ff2792b62f4a608baaf2
MFRP_Informational_Requirements_A39-A71/figures/a53_coupled_anchor_risk_curves.png,105708,2d454a28bbf528e86196902c7cc4d69e8338599545ab73c79526ba6cbc721674
MFRP_Informational_Requirements_A39-A71/figures/a54_universal_continuum_witness_band.png,105849,627afc21a70788daeec1aa23b78c67b9ebe87d0670a3edf10480cbe741d41bce
MFRP_Informational_Requirements_A39-A71/figures/a55_finite_cap_absolute_convergence.png,79052,aa419abf52782bf2ddd017fb1285da08f1f52a6126960de9f1336be10990105d
MFRP_Informational_Requirements_A39-A71/figures/a55_finite_cap_relative_convergence.png,79991,104ddb9bc88f445448f9b17c4dab04ef57c7017d4c8890a02ca552d771ebb361
MFRP_Informational_Requirements_A39-A71/figures/a56_break_even_costs.png,78486,ca56a5c59d00a79aed080d56008ca4dd6f1f4dc1b9337d95015edefcd18f93b0
MFRP_Informational_Requirements_A39-A71/figures/a56_cost_selected_cap_policy.png,41971,4f19cf8822918bd777d7fe0c3bf7cebce32adb45be3d664dba80f7e6683b6768
MFRP_Informational_Requirements_A39-A71/figures/a56_risk_complexity_frontier.png,65188,bcc027910dc5ef177ee7230437115251cc8471c05215f6122e48014eab05f173
MFRP_Informational_Requirements_A39-A71/figures/a57_allowed_noise_increase.png,77767,86111451bb137ec79a51a10b5b6e55e34a16d2d14fc863b4528c7d1c85f0bc91
MFRP_Informational_Requirements_A39-A71/figures/a57_upgrade_threshold_map.png,120757,5c21d1b322d258be163d5cd64c20944079ccf78c1d36b98cc8152ad08179a3b0
MFRP_Informational_Requirements_A39-A71/figures/a58_channel_sensitivity_priority.png,52616,1e8ea4800437626d1b240ad9a67faf63dd0ee3d32371ddc91c0ce3b49f00279a
MFRP_Informational_Requirements_A39-A71/figures/a58_individual_error_impacts.png,45739,4b2867e5a3f48f04fa4963b93b0bb4e571f7289fe6c29b95467cc2e87375ab93
MFRP_Informational_Requirements_A39-A71/figures/a59_exact_vs_linear_correlation.png,97701,39bc7739c97ff4129ddf8c7e1504f711ccc4c8760415d674ff700ed15379b876
MFRP_Informational_Requirements_A39-A71/figures/a59_risk_vs_correlation.png,79324,b9fbb42952c7470ffc198da0bc55b6a8cf1cf1154575459f70bca9d1f724ad2b
MFRP_Informational_Requirements_A39-A71/figures/a59_worst_direction_vs_correlation.png,95562,2e5f754749fca6dba14c313ff41e4201e381552ef0077270ccdacf9b657bc8cd
MFRP_Informational_Requirements_A39-A71/figures/a60_covariance_contributions.png,72748,d354870470db687ae89ceef39a031b55e26e2da298a147974e4b03499294d4b2
MFRP_Informational_Requirements_A39-A71/figures/a60_general_covariance_risks.png,87884,a40a8bb019c8fd8e2fb84b7751cc4b183cb4f9b434bcaefb81730f7225e642ef
MFRP_Informational_Requirements_A39-A71/figures/a60_general_covariance_worst_vectors.png,87852,9ccffbad74961dffbba26e97c04bf49433e19bb8e7c3c45ead7439c9c1d68e3c
MFRP_Informational_Requirements_A39-A71/figures/a61_covariance_uncertainty_premium.png,64994,f4a6472d1cf62d57b2405ce74b74c15e2843e09bb977f701462e7380e8fe13ab
MFRP_Informational_Requirements_A39-A71/figures/a61_spectral_risk_interval.png,102191,e0c221ccfd77245149ae5e74dd9f060a48c2b9405364fa9949846f7eb2d3e50f
MFRP_Informational_Requirements_A39-A71/figures/a61_worst_vector_vs_tau.png,92083,0a4076fe3d53213930a10c78750c471120f7eedf59bc6bbcaec2c9acb05a793d
MFRP_Informational_Requirements_A39-A71/figures/a62_bootstrap_coverage_validation.png,117044,699c5da9a35a2095d2053893185cd78805b19d8147c063d5d3ed1fda72173306
MFRP_Informational_Requirements_A39-A71/figures/a62_contract_availability.png,111559,fca4ffc41f85098b96f2ded6e4e931ecd83a142135fe77120c0a02bf77fcf9d7
MFRP_Informational_Requirements_A39-A71/figures/a62_required_inflation_factors.png,97129,a9aef95a57878e91e2fc45e30f649f8ec7c705868f656a041c177e66f536c8fd
MFRP_Informational_Requirements_A39-A71/figures/a63_noisy_anchor_atlas.png,80832,7ba36cd3ce701cab17a1f428526fccf51c16da8afcbe9b5d1826cbb7190ddd93
MFRP_Informational_Requirements_A39-A71/figures/a63_noisy_third_anchor_offsets.png,125583,13e1a99b67cc3b1f65bb89352be4b39c5b898362b586d3b5eadea9c979ea6f01
MFRP_Informational_Requirements_A39-A71/figures/a63_risk_vs_support_size.png,115545,9316324dc62cf2dc0097c2339cc2bc296e4381de39d8ee5963979001e82e9619
MFRP_Informational_Requirements_A39-A71/figures/a64_boundary_pair_counts.png,77000,7289be6874096175eaad99e820a508b8e6c7cea1cdf3bdf47d5ab43a0016f214
MFRP_Informational_Requirements_A39-A71/figures/a64_normalized_third_anchor_offsets.png,73944,33e0539492b9d31cfb16ea5bfb08a5301c71cb65e954f850ec89172b90409746
MFRP_Informational_Requirements_A39-A71/figures/a64_target_translation_alignment.png,39497,e49065aaaebe33674c7b92fd308ada1b0431355cf335708a4eda51de0acdba1b
MFRP_Informational_Requirements_A39-A71/figures/a65_boundary_sensitivity_distribution.png,44641,491457f456f4f76bf6782652b411ce12dc50d771b883ee15d5ac184e4741003d
MFRP_Informational_Requirements_A39-A71/figures/a65_continuous_grid_margins.png,144761,2c0885e6e56b281a043e7a2c10b4e22881eb94fce313ce0bff9f1a42134a5a3b
MFRP_Informational_Requirements_A39-A71/figures/a65_local_certificate_coverage.png,79779,08f132d0c8bd6efb40f8bb7f959f4761f99a07cb2e6b635dfa278820bcb5922b
MFRP_Informational_Requirements_A39-A71/figures/a65_representative_first_anchor_curves.png,153523,893c105c95fe699bbc38cec23ceef4cd639b88405fa92361ff5fa0062ea8e0bf
MFRP_Informational_Requirements_A39-A71/figures/a66_canonical_global_monotonicity.png,90907,38eda9d16c6eb3ea097640c47a831bb0f1d170d678670b5d35a22197eb517492
MFRP_Informational_Requirements_A39-A71/figures/a66_canonical_phase_map.png,34502,cfe8e9f6e8d0bea3b8e92fbbd07f6fe553bb5b0644cf26bd5b6b7347b23f1a15
MFRP_Informational_Requirements_A39-A71/figures/a66_degenerate_global_monotonicity.png,85256,d3e2272d8c8d053daf5b72be82415f19899ddca30c9e2ae1db484695fbe58e42
MFRP_Informational_Requirements_A39-A71/figures/a67_risk_vs_support_size.png,78578,443e2de5b5e561d563cc126fd3e0046db0c1e95aa26850df7e0ce1428b36e8f4
MFRP_Informational_Requirements_A39-A71/figures/a67_support_family_phase_counts.png,40778,a135eefeead2d8da85a04edb76e8ce58fed3e310adbd96b6c35b9a69e3581787
MFRP_Informational_Requirements_A39-A71/figures/a67_support_family_risk_curves.png,118966,1f61491d64744a314060dcc93ab041df61e0b2cefaf5ee7b7c55325d424abe68
MFRP_Informational_Requirements_A39-A71/figures/a67_support_family_transition_map.png,61556,0423abc70ac168283858cbc86d2facd9ea0dfad29c127c9f04a649522d326c49
MFRP_Informational_Requirements_A39-A71/figures/a68_dual_channel_activity.png,44464,e874e5ce87f31ec38d15d966c34236525b4ab9bdf6ce47c25e3d51bda900db60
MFRP_Informational_Requirements_A39-A71/figures/a68_first_channel_removal_risk.png,79235,42c369d062596ca628f97fd036306ace126f0ab3b31198ef7b345a51e8262211
MFRP_Informational_Requirements_A39-A71/figures/a68_first_channel_value_multiplier.png,68734,4a80461094a3d91a136a8938280b561e2cd60afac7eccf09740242ccea50b696
MFRP_Informational_Requirements_A39-A71/figures/a69_contact_signature_counts.png,51448,97cc60256b80b3e5cdebe791c1ce8597f8d774e8b647fb8eea414180966edd66
MFRP_Informational_Requirements_A39-A71/figures/a69_cramer_orientation_map.png,61290,0673636723c3c00e7bebd3ae1c5d884dd3722282e9e04bd91d1a363a75e3a5aa
MFRP_Informational_Requirements_A39-A71/figures/a69_numerator_flip_margins.png,51408,033a87b5a073064a403a00759970846ff90b58fc6a770db1e03df2cd3489d237
MFRP_Informational_Requirements_A39-A71/figures/a69_order_only_counterexample.png,45707,9933050ed0c747b2abbd248f18beaa78d7499fe10d0496ab86fed3ccc5f385b8
MFRP_Informational_Requirements_A39-A71/figures/a70_minor_class_counts.png,59582,6bd245347ac70daea12a8e5101b559407d6e45290614336a34d30f51e16fc58b
MFRP_Informational_Requirements_A39-A71/figures/a70_phase_dominance_ratios.png,72821,b7fe509bd210545e6a00a8bee1540f16de72766c4c51e0d62a7f1ca5beafd538
MFRP_Informational_Requirements_A39-A71/figures/a70_signed_term_counts.png,67381,21d5ecf601f16deaaf18e572342515012407fa3a7aaf0ca1a8231bf4b1b1a7fc
MFRP_Informational_Requirements_A39-A71/figures/a70_weakest_dominance_phase.png,52214,5847474a41dc742a8b67eb6f7b1d9865763c878a07f573f591bd1ad5b2686de2
MFRP_Informational_Requirements_A39-A71/figures/a71_M10_exact_catalogue_top10.png,55137,4c57990e5d698312b0e45bcf78e422fecbc0ef7c3316447f539b526782f51595
MFRP_Informational_Requirements_A39-A71/figures/a71_M10_global_risk_curve.png,78646,4f26abe471cac6b20d921012c1b55bbd3267e7a979b9ffb31c205985a8eea187
MFRP_Informational_Requirements_A39-A71/figures/a71_M10_phase_map.png,31362,454369fca20a3e2c53a1418fef1a8a9731b8bbe1933a7090563b26e8a369f0de
MFRP_Informational_Requirements_A39-A71/figures/a71_weak_signature_bifurcation.png,82454,1c01f019ac6ac810ff6f53999587b3038175655d22a8296c149c5e18d320eedd
MFRP_Informational_Requirements_A39-A71/FILE_INVENTORY.md,435,fc4cdb99eadd1dd2de58a9660abc1f055ccc0aebb5f4ad9a7ad46803b2654b56
MFRP_Informational_Requirements_A39-A71/GITHUB_RELEASE_CHECKLIST.md,610,8a41deb004016d6b7c3bf56b7f15be9461aeac1430e49ca1421018efa8961284
MFRP_Informational_Requirements_A39-A71/LICENSE_NOTICE.md,686,77fa7e2ed61ff0c38febdd85102ba541eb2432dcb2f979ea5ec97fc86f8483b7
MFRP_Informational_Requirements_A39-A71/MANIFEST.json,52411,dd6fea3631659a0933d3cf308a1cfd4e6196cf26f44f2c193f73667cf0873f91
MFRP_Informational_Requirements_A39-A71/MANIFEST.sha256,21836,26946eaaaeaef8e7783f4a8cd5c8767343b96e3bd1f9c48d808a7d9737a8d89e
MFRP_Informational_Requirements_A39-A71/paper/MFRP-TR-2026-01_Informational_Requirements_v1.1.pdf,421903,1068775641419b73cd08d1c95cb20452616d82d727c330a386e48e16c8210fd3
MFRP_Informational_Requirements_A39-A71/provenance/file_map.json,30197,25bf70d5779b5d1400adcb2092421e2c7e57b7507687fba4ac80f86c38753255
MFRP_Informational_Requirements_A39-A71/pyproject.toml,292,f369e3d7c80570f804d2655ec00063a40c8337eeaf5d2222236e5a52079c078e
MFRP_Informational_Requirements_A39-A71/README.md,5928,049a6bf124d3adeb85e9c1cf213185ede2822dccdcfe640deffec1bf4fcf6ffb
MFRP_Informational_Requirements_A39-A71/REPRODUCIBILITY.md,2270,fa43e966039d2deb0954cf063cf3d82c9e52de4880974495198e21fac8149315
MFRP_Informational_Requirements_A39-A71/requirements.txt,63,f00bb222db389ea883732d1a179a12bc485d1f07f2db0f6d2b2e02b6a7171664
MFRP_Informational_Requirements_A39-A71/requirements-lock.txt,74,c9802682d61bf1c12f5f1f5224eb9281f7ca5583521e0bee4115d4bded11400e
MFRP_Informational_Requirements_A39-A71/results/a39_sharp_prediction_interval_results.json,4220,9265ca2d203717ee4a139c5abf68577f01266a63c2ae7cf47b5ef59d705c3249
MFRP_Informational_Requirements_A39-A71/results/a40_monotone_refinement_results.json,2783,cdcf2320c50d95b8ff2e10d691abea8dbbcb87ed4421fdd7ec2e9f86f6005fcb
MFRP_Informational_Requirements_A39-A71/results/a41_robust_interval_data_results.json,9592,563c8ff50b6dfa574a466c22684cbbc162369cc771d8fd050f15412ac2491f97
MFRP_Informational_Requirements_A39-A71/results/a42_finite_budget_design_results.json,37137,9e83159f596c4a1415dcde392188035acfe42d1e8b73cc83f9a985bfdad1409f
MFRP_Informational_Requirements_A39-A71/results/a43_direct_q_minimax_design_results.json,45774,1d7005b7770bcd1ddb25ab3b00e0b322bcbfff5a621998f6c7e41499cf8f0f69
MFRP_Informational_Requirements_A39-A71/results/a44_continuous_parameter_results.json,5264,72298dd6e576a6982f99234dd897acc7cc7a942ccffa9429028aaa6d7144dd32
MFRP_Informational_Requirements_A39-A71/results/a45_positive_noise_phase_diagram_results.json,10783,55ee618908de35437969087ce86752445cad2b53a75737b3d97347572a7b11ed
MFRP_Informational_Requirements_A39-A71/results/a46_noise_separation_boundary_layer_results.json,7150,ffbc0f8be58bfdb2e7458373fde9e51987710cd2dac1ef8ba7063237942440d5
MFRP_Informational_Requirements_A39-A71/results/a47_global_noise_separation_phase_diagram_results.json,44546,026736fc9f8c46d87c561f1340c9f5ce196e35990da9cba14a5f4c3dafc26841
MFRP_Informational_Requirements_A39-A71/results/a48_target_inclusion_degeneracy_results.json,13803,7fd4fa6e46daf20bdec386c6d56bdc03d7c163e9210507056e7b959251faa60e
MFRP_Informational_Requirements_A39-A71/results/a49_expanded_target_excluding_anchor_catalogue_results.json,418678,3764f3181a824350957685a75998e61154713c6cb6c3377684aeca361203903c
MFRP_Informational_Requirements_A39-A71/results/a50_continuous_first_anchor_results.json,13208,aae01481d91dee279135e04d4c7670f55ce9e4d407e3db39c7e341f8f4dffe51
MFRP_Informational_Requirements_A39-A71/results/a51_target_exclusion_distance_results.json,21520,b42824440f4da207ca4c49e0f0a8ed3ae98dd738c46da6a84b1190c2ddafaa21
MFRP_Informational_Requirements_A39-A71/results/a52_continuous_second_anchor_results.json,14578,fea76ca59d917d50f566678335bded643f291316c13949081ee75cfd15daf76d
MFRP_Informational_Requirements_A39-A71/results/a53_coupled_second_third_anchor_results.json,6631,c59b8a3825bc9927072fea9504ce6735357ff0c849f87e22964a88b830bb1115
MFRP_Informational_Requirements_A39-A71/results/a54_universal_continuum_witness_results.json,15524,a6c65a7f8632928833167161dd0bfc0f18a09cfd39c196feef053424be044f70
MFRP_Informational_Requirements_A39-A71/results/a55_finite_cap_implementability_results.json,19512,e96df359fc3cdbfddc234be6e4b30ba8cca73f66c1990d2a1e0c36d9aeece245
MFRP_Informational_Requirements_A39-A71/results/a56_cost_regularized_finite_cap_results.json,223806,c73fb79ef4a50ac5fabbe0357e8072ea95537f96c9e1009f2bb88b0ab70c65b6
MFRP_Informational_Requirements_A39-A71/results/a57_heteroscedastic_third_channel_results.json,77345,d2701b7c15608a33981fb11f73b71d020abdb49182d505e8ea041e6da256c15f
MFRP_Informational_Requirements_A39-A71/results/a58_independent_three_channel_error_results.json,20667,cadece4f99597a9e46327ebd9dbd15af0b8e03fd43fce036365a5caed6ec38cd
MFRP_Informational_Requirements_A39-A71/results/a59_correlated_ellipsoidal_calibration_results.json,10817,3daf412e75f3f127a795323f6c8d982bf6b9467ef07b75f2e9a8bde21c300af7
MFRP_Informational_Requirements_A39-A71/results/a60_general_covariance_matrix_results.json,16680,596e4f818c1d564ecd1c02641a31b6b0c9ee907775df877d464925c00054074c
MFRP_Informational_Requirements_A39-A71/results/a61_spectral_covariance_uncertainty_results.json,11445,fabb1e8e050429675c5bb08a79ff5707b54eff3023eb3933da189a5f58dafd96
MFRP_Informational_Requirements_A39-A71/results/a62_bootstrap_spectral_protocol_results.json,26957,7e01fd1ba72d1200fa53df71051cd5efcfe89f408d21928a3999709790c76125
MFRP_Informational_Requirements_A39-A71/results/a63_structural_generalization_results.json,102961,d3c9d5c937daacfe023e31c3cd8fe27d6bb0014e5d7eca6fe5eed07607098a80
MFRP_Informational_Requirements_A39-A71/results/a64_scale_normalized_boundary_pair_results.json,319004,9d823ec6f7aa0df70fc56a335c805f23b36a5e969e9677de5ce93cd069362508
MFRP_Informational_Requirements_A39-A71/results/a65_continuous_first_anchor_results.json,9790186,930cf29cbaa96d574a572b87e9091ab097ee1d00e03f196c7486a29bce78f0d4
MFRP_Informational_Requirements_A39-A71/results/a65_continuous_first_anchor_summary.json,539,3f74599dc5bb81c0586b621a7b8ea8b99828e442fce04a43ab1d695a44f8b08b
MFRP_Informational_Requirements_A39-A71/results/a66_exact_global_phase_results.json,104662,7e74a4ea898b5ab640b1022083bcf816f132063fac60762fbffa9fe8d36ca299
MFRP_Informational_Requirements_A39-A71/results/a66_exact_global_phase_summary.json,1210,6049d2a1991e848fedaba5ad67a53b6bb1d9ef7030715add472e0e6e8dc2c978
MFRP_Informational_Requirements_A39-A71/results/a67_central_mean_support_family_results.json,388272,ac7831d183e08c35498e19e77e5a27476dc7c35ae5d8dc71ea1e08437be476ef
MFRP_Informational_Requirements_A39-A71/results/a67_central_mean_support_family_summary.json,1845,47dda8fb661860f5643fdc704d78f822294cd2a6233a4b22481f34418b531eea
MFRP_Informational_Requirements_A39-A71/results/a68_dual_envelope_channel_value_results.json,18942,a9160acd0fa45ad1bcbe3fc3f73f2d983c683b8e9a83c5f1126c945789fd60a2
MFRP_Informational_Requirements_A39-A71/results/a68_dual_envelope_channel_value_summary.json,5318,f4fed9d62f71cd13ca2b4dc2b2d3099e6d6ce8f5289d46c7eacf43d264a69d1a
MFRP_Informational_Requirements_A39-A71/results/a69_cramer_chebyshev_reduction_results.json,68312,4f1942668691097a6412c793c07187cccdf1ecf654ab81e243820b1e62297be2
MFRP_Informational_Requirements_A39-A71/results/a69_cramer_chebyshev_reduction_summary.json,2564,3fa45027ecd52f2380dd585b1723452a25f1459d808ac99b7deed609a11f79d8
MFRP_Informational_Requirements_A39-A71/results/a70_signed_q_schur_dominance_results.json,560008,38f545c440ff56185d527c5907f566e735c6cef72bae36389c539f360c13d773
MFRP_Informational_Requirements_A39-A71/results/a70_signed_q_schur_dominance_summary.json,1235,d373a17fa73277e639b8d82f161f4e3f7a4efabf62c8ab0fd8485e8fd12c98d3
MFRP_Informational_Requirements_A39-A71/results/a71_orientation_bifurcation_results.json,108510,ba2911ef17f870a3421cd5f640a246fa958a0a2e586cf87b6e6a42c3d912c082
MFRP_Informational_Requirements_A39-A71/results/a71_orientation_bifurcation_summary.json,766,c437f1dcdeb8b4c497b62b09900549726895578fc7358b3acd98a93f54913a72
MFRP_Informational_Requirements_A39-A71/RUNBOOK.md,3132,712eab35fae5ad30daa07852dcd3781991e47296bffde41f90a9c7b5d19fc007
MFRP_Informational_Requirements_A39-A71/templates/a60_covariance_input_template.json,425,30ee323ac903c8ab5a9a769472f8e9342a8e2dc2b937482ff1e5d665e66e7856
MFRP_Informational_Requirements_A39-A71/templates/a61_covariance_confidence_set_template.json,505,1917b95acfd25ae08ffc38aab5d77ad83753608c2c209aee0f89e3f58bcee0ec
MFRP_Informational_Requirements_A39-A71/templates/a62_bootstrap_protocol_template.json,663,581470347a175577a53c38a5465c4f395f70b9dd5313c5badebf2633160fb3ad
MFRP_Informational_Requirements_A39-A71/tests/test_repository_integrity.py,1252,3e5e3d5d1412060625a3fa8ad5bfee8f5c2e4e41ab2f2012fb060fa9d0a1a5c3
MFRP_Informational_Requirements_A39-A71/tools/generate_english_figures.py,33172,6f6c80b19a414071cdd1ed9c2d79df47922009b42e19567f0d6ce17ed89db720
MFRP_Informational_Requirements_A39-A71/tools/materialize_runtime.py,906,2022c36266ed545a454e949293d8779a188eeb907e8eb420559262f608ed1d0a
MFRP_Informational_Requirements_A39-A71/tools/run_all_audits.py,1750,5ee5133ece348747c17025b65ad7c837d37eb0735319ebcc428c8d1ce2d55b88
MFRP_Informational_Requirements_A39-A71/tools/verify_results.py,2117,89a7c56ee84ad88230401df5f0f43d49e58f2ed647f0763b320e9970fa251e2a
MFRP_Informational_Requirements_A39-A71/VERIFICATION_REPORT.json,5972,e979587183f43a10ceee3a8402302076b6c8154622750d6e80a71b64dbcc697a
MFRP_Informational_Requirements_A39-A71/VERIFICATION_REPORT.md,597,8d156f57bc62bc12db7abff79d2971d7e70a96fe316a794f5df90eb1de7c57ac
MFRP_Informational_Requirements_A39-A77/.gitignore,94,5a53663970e9d44ac070524fa7b4395d30c21fe859db0df568e773e9d5a158a7
MFRP_Informational_Requirements_A39-A77/AUDIT_INDEX.md,15748,60b17103a0d8ada842c88a631334685480913e09d3773a1c0873465e66729211
MFRP_Informational_Requirements_A39-A77/audit_registry.json,11939,88486ee7bf41ab019c8940824f154f84d481200011604d1661ee0f23114667be
MFRP_Informational_Requirements_A39-A77/audits/a39_sharp_prediction_interval_audit.py,16436,5d05c6464a045dbd49060e2924e3c411b0db1189f01776fdffd73f478b5ffb17
MFRP_Informational_Requirements_A39-A77/audits/a40_monotone_refinement_audit.py,6628,1ce096e87e450d1f43a5cef462e7e3923a58a583ddfd7786ad6852b34c8d3330
MFRP_Informational_Requirements_A39-A77/audits/a41_robust_interval_data_audit.py,16832,71431c90d3ba2934d8df113cb5925cca3129aea7721639025d2dfce7cfbfd4f1
MFRP_Informational_Requirements_A39-A77/audits/a42_finite_budget_design_audit.py,13792,756fc95eea1a4ddf5b8a53601f21f53170e1585760795399e224a0a079b003e0
MFRP_Informational_Requirements_A39-A77/audits/a43_direct_q_minimax_design_audit.py,14725,62516a018aea6c638668705700c0440f22c07019c747677770ddcd80f64e8295
MFRP_Informational_Requirements_A39-A77/audits/a44_continuous_parameter_audit.py,23419,bee61a0590cbaa7ad23b4e232a92eb8faab17e7587b8118c170bc7e009e7361d
MFRP_Informational_Requirements_A39-A77/audits/a45_positive_noise_phase_diagram_audit.py,28807,029d473d35c74522d38dc8917569219730129158f413f6658eaea323809db8be
MFRP_Informational_Requirements_A39-A77/audits/a46_noise_separation_boundary_layer_audit.py,24962,c2118bf07881c6d2e091b035e8507d6327824d2241bb59e7663a6519f70ee566
MFRP_Informational_Requirements_A39-A77/audits/a47_global_noise_separation_phase_diagram_audit.py,39214,7eecb097982358838dfa7cc40edd81431bfc7e66f3188083db36bc13a3a7df0e
MFRP_Informational_Requirements_A39-A77/audits/a48_target_inclusion_degeneracy_audit.py,12634,81cbe052a7a9a5f5533e553b2221a769166458d4bbb55382214b06378c5dd067
MFRP_Informational_Requirements_A39-A77/audits/a49_expanded_anchor_catalogue_audit.py,17757,8bf07b5681c8c4ef637cc2c461fa74b0052602c8b2f7e37c8145c85e6f5c4828
MFRP_Informational_Requirements_A39-A77/audits/a50_continuous_first_anchor_audit.py,26083,e03f2fa61fadc8d2f5c09b63970b7adb96188f6e825120491a814690c9303849
MFRP_Informational_Requirements_A39-A77/audits/a51_target_exclusion_distance_audit.py,27315,6ac6eb38aca18222efef28cb7bf81ab122efc4d5f48c3e6d18bba1a61d28a3a5
MFRP_Informational_Requirements_A39-A77/audits/a52_continuous_second_anchor_audit.py,27152,77aa01a4a2331df2bd762df1afb6c07be462eb29fb032ebe2582a9a0e90f86e0
MFRP_Informational_Requirements_A39-A77/audits/a53_coupled_second_third_anchor_audit.py,18639,e39b123b07854fdab66bf251d63630f29183332f32b5e67206ae1f8cab26d43a
MFRP_Informational_Requirements_A39-A77/audits/a54_universal_continuum_witness_audit.py,14937,31e21b59b74b3085bcde50db4dbecb81cf20411b739e998f1299a1dd1f61977d
MFRP_Informational_Requirements_A39-A77/audits/a55_finite_cap_implementability_audit.py,20044,c850aefd2a624f35dd7d57e1166d4931fac2eab09906ad58885503fc8ba4af5e
MFRP_Informational_Requirements_A39-A77/audits/a56_cost_regularized_finite_cap_audit.py,11006,214e3c64c6849b9cfcd2ea6296fb0499b55457fb718844a3811d684df04b40e6
MFRP_Informational_Requirements_A39-A77/audits/a57_heteroscedastic_third_channel_audit.py,26267,47b074238e0641117d357d2b0ba3753d662434ed177ade061559f627c94b3f40
MFRP_Informational_Requirements_A39-A77/audits/a58_independent_three_channel_error_audit.py,20859,f2cbe637c0fa5eea273bc4d91845abdb25e6ab62ae413cfacc439045b49695f2
MFRP_Informational_Requirements_A39-A77/audits/a59_correlated_ellipsoidal_calibration_audit.py,16744,fd90e0f6a51d881a92879361d65ac77bc1457feafc49400c6f2a1c403d9713b3
MFRP_Informational_Requirements_A39-A77/audits/a60_general_covariance_matrix_audit.py,16795,e64f5aeb92f59b9f8739f1fae7c808ec8836edd4473473282c76afe206dbca19
MFRP_Informational_Requirements_A39-A77/audits/a61_spectral_covariance_uncertainty_audit.py,13458,7cc258311c7fa0b3e06b20c6fbd4f7d393de37dee10d8a091699cf639b8b3ed1
MFRP_Informational_Requirements_A39-A77/audits/a62_bootstrap_spectral_protocol_audit.py,27906,ecad2aca48f0ac0dcc52eabfd3e009a3599e8baeb5e92e12b5f3b1e8a62441b4
MFRP_Informational_Requirements_A39-A77/audits/a63_structural_generalization_audit.py,23771,85533ceacaf6bc3614e197fc7382b45598bfe35b1833d626461094e958a16085
MFRP_Informational_Requirements_A39-A77/audits/a63_structural_generalization_exact_helpers.py,31365,d55e5673385dba3cb8863024d22edce974e0f1f85b31674907fd1ccf5ecee5af
MFRP_Informational_Requirements_A39-A77/audits/a64_scale_normalized_boundary_pair_audit.py,19627,9ff1e2fb0bf60911305aaaa7cd839b9051662349c2015dc8f9b6efaeca2028b3
MFRP_Informational_Requirements_A39-A77/audits/a64_scale_normalized_boundary_pair_exact_helpers.py,37405,fc5615bcd195baadb7e7af78dab379cf706f6365249451cc3f2313ea784d4275
MFRP_Informational_Requirements_A39-A77/audits/a65_continuous_first_anchor_audit.py,31512,0e5b635a5bc504cb418bfe00437d38605c7f1f4265746ed37606c677b25fdf4f
MFRP_Informational_Requirements_A39-A77/audits/a66_exact_global_phase_audit.py,34711,0665a89c5162b98e3fe8abff50730b1a569870576c56a93b0cdbeb970765c04f
MFRP_Informational_Requirements_A39-A77/audits/a67_central_mean_support_family_audit.py,18818,92273f935ccb769223b1233606bb7966c48ebacf7bcd897115cd2cc92a268217
MFRP_Informational_Requirements_A39-A77/audits/a68_dual_envelope_channel_value_audit.py,14983,f83fd797afa9c09026de4384cd3c4d442f2c2875e88b2815ccd9f1a20609e81d
MFRP_Informational_Requirements_A39-A77/audits/a69_cramer_chebyshev_reduction_audit.py,29612,788dbefa422f2ca1f91c8c62e03771d2380ee09ac0c22c344443eb4f2f9ce42b
MFRP_Informational_Requirements_A39-A77/audits/a70_signed_q_schur_dominance_audit.py,34703,1ed3dfa10aa0ac7964943f1a5a74b21430ea46461a83c9c6de5bb9e80404c277
MFRP_Informational_Requirements_A39-A77/audits/a71_orientation_bifurcation_audit.py,26181,3cd47c4ed325c3dcd1d8ac96c0dbcc26f656eef25707531b05fc3ace38c6f914
MFRP_Informational_Requirements_A39-A77/audits/a72_exact_catalogue_generator.py,3636,9e9f6d07b63c7be555b4d1fd94d5464c23dd62d6b0d6381749096ea044ed7ccd
MFRP_Informational_Requirements_A39-A77/audits/a72_exact_phase_generator.py,2131,4d14c34a80aaa89818872676a81a4bc399880c9595e3888a5374042e824af28b
MFRP_Informational_Requirements_A39-A77/audits/a72_local_pivot_diamond_audit.py,21452,4367f3dfce42bc571d728c0c49d6a8577369b0fc1a27b52b9b311fbb3316cb23
MFRP_Informational_Requirements_A39-A77/audits/a73_complete_one_pivot_neighborhood_audit.py,31810,d809a095d0a8cf81ac798d6c724cf33338093b15529e7524093c3c886929a58c
MFRP_Informational_Requirements_A39-A77/audits/a73_exact_catalogue_generator.py,3517,5e8e184eb93a395165c58515e9fb0dd8cf928b7c2a99e8ce7623a6869e01b132
MFRP_Informational_Requirements_A39-A77/audits/a73_exact_phase_generator.py,2750,0a1d8e4c4fef08ea0c3c1e1a9b36cc466ef294c253257d9d2b94102212eb24ee
MFRP_Informational_Requirements_A39-A77/audits/a74_exact_catalogue_generator.py,3508,2a54fbd5d1a82ee377bbaf8ae7c5de5f1d17749ac81ab40ef6479f9d3889b5d7
MFRP_Informational_Requirements_A39-A77/audits/a74_exact_phase_generator.py,2759,513633304b004c038a2c4e404c1fd675c138737f44c7fa4a30c5d30a64809381
MFRP_Informational_Requirements_A39-A77/audits/a74_interval_gamma_bifurcation_audit.py,21765,149f5bb2248dd35b63d7820cf6675918d06b44b451526e206059dd178baeacc5
MFRP_Informational_Requirements_A39-A77/audits/a74_M14_phase_discovery.py,4119,889175e42c6731966c1fcbee0722434592ba648a2fc0697c571aeb5fddab1725
MFRP_Informational_Requirements_A39-A77/audits/a75_domain_restricted_phase_audit.py,3203,13e4d97948bdd2cf3f28ea186f7b19b3897ec7e890f4df8ef332f87b4564c092
MFRP_Informational_Requirements_A39-A77/audits/a75_exact_catalogue_generator.py,4423,beccea2a68e14d2b6adf7e226a664b4feb5898c96a4e80e1c141fe6eb6007847
MFRP_Informational_Requirements_A39-A77/audits/a75_exact_phase_generator.py,4270,29be038f768cae06e16ee522fdb3782c4e571f8fbfc6c56518af246a13a6a13a
MFRP_Informational_Requirements_A39-A77/audits/a75_M15_M16_phase_discovery.py,4794,b595e76da67d5924c28fbc796e55b1552a35c5ef75da99ba6dec67b99e56c936
MFRP_Informational_Requirements_A39-A77/audits/a75_parity_orientation_audit.py,32447,9a520afb404717ae9c6a359b2b59f6fc6ce5b048e5ecc754fd1de1b8583e9a3d
MFRP_Informational_Requirements_A39-A77/audits/a76_active_reentry_audit.py,4747,c436ffb5a291fe06ece301f3f4ca7638412c6091aafa9fc4ff732db691e17fea
MFRP_Informational_Requirements_A39-A77/audits/a76_active_reentry_core.py,39449,772303df310d802d85bf0599da3912c58efe49becf0a28357f116f077cb08a58
MFRP_Informational_Requirements_A39-A77/audits/a76_interval_certificate.py,6260,47a726c12c9e05407608191a80ae6090b8b8655a60f183faa010d99f2bf7e00f
MFRP_Informational_Requirements_A39-A77/audits/a76_M21_M23_phase_discovery.py,4835,4cdf04191d3b17de281ad73f17e0584826f992e750a6142168e6cab929cb6021
MFRP_Informational_Requirements_A39-A77/audits/a76_one_pivot_neighborhood_certificate.py,4586,1beab884f9c1c9a7edee636b6a08f2b0a4ddcfe2c2807f823ea0c9d882cfd231
MFRP_Informational_Requirements_A39-A77/audits/a77_active_contact_reset_core.py,9556,9dd3a8ffd23a9c7f813b4161dcf7881a5b47567a302ea77fd0776eb2566eeabc
MFRP_Informational_Requirements_A39-A77/audits/a77_fixed_family_parity_audit.py,13774,571ba2cacc6be38b661d29c0ff4c89dd2a6412112a6b97decab3f7f6fc3c9c8a
MFRP_Informational_Requirements_A39-A77/audits/a77_one_pivot_contact_reset_certificate.py,5321,5c99b4275b0c97328aec40d1db2d0be5fa3ff3d8d9f84d6191c04fe626809804
MFRP_Informational_Requirements_A39-A77/audits/a77_support_interval_certificate.py,5757,a5f2b3ced062b8e6e147670d650cbb648449f0ee5ff801443bcd4bfc43953a24
MFRP_Informational_Requirements_A39-A77/audits/validate_finite_grid_nonclosure.py,5642,eb065d29ec661390ab6b4b05079d086b7c8d606c259215b221a8a4e2f11dbed4
MFRP_Informational_Requirements_A39-A77/CHANGELOG.md,292,d7ece9865c58963d297a900c5d908a14fa0dd45faad63ac71cbf72c57f0f8ffa
MFRP_Informational_Requirements_A39-A77/CHANGELOG_A72_A77.md,408,1d5f34570c15b3999975e6b0061daa635583ea4386bf00c70f04daf406dd4f52
MFRP_Informational_Requirements_A39-A77/CITATION.cff,898,90751513f3e3dd151153c994ecbe00837bf0236c06b6f93d4582ba15d1d2b029
MFRP_Informational_Requirements_A39-A77/docs/technical_notes/MFRP_next_step_bootstrap_spectral_protocol.md,7842,707fc549db624ed48f0a8bb30c6bd9abae655f471341fa72280d25cc4f3f11aa
MFRP_Informational_Requirements_A39-A77/docs/technical_notes/MFRP_next_step_candidate_vs_actual_active_set.md,11700,19f41633d11f7c921241f770482b50f482dc209b79cbf0ad65bbbea6d1510817
MFRP_Informational_Requirements_A39-A77/docs/technical_notes/MFRP_next_step_central_mean_support_family.md,9113,32eeb6565d5b618cc67f69a750a49f9e8574e04a7f582a6365cb507227747f35
MFRP_Informational_Requirements_A39-A77/docs/technical_notes/MFRP_next_step_complete_one_pivot_neighborhood.md,9721,583f88ad8200f84d917b0672f6ca37cbb86a3fc7f668216885ce6e0a4eaaf6ac
MFRP_Informational_Requirements_A39-A77/docs/technical_notes/MFRP_next_step_continuous_first_anchor.md,11138,40b5952f0a49b51861b82348c169dfe782fa20a2bbd75bdf4e77a0ce580bf202
MFRP_Informational_Requirements_A39-A77/docs/technical_notes/MFRP_next_step_continuous_first_anchor_stress.md,7048,d5c794fb9d896c7fa2041b5a884d3fb06a7deade2bc1dc3baaa9b34455d01d97
MFRP_Informational_Requirements_A39-A77/docs/technical_notes/MFRP_next_step_continuous_parameter_audit.md,16552,f2728aa250771efa78cd615104d4494b3fbf7d38726231fc142200f3c55cb288
MFRP_Informational_Requirements_A39-A77/docs/technical_notes/MFRP_next_step_continuous_second_anchor.md,11319,80379a4e9d651cbaae305d652c60d1be8fd6ebb58389d6600c26f7563365e3c8
MFRP_Informational_Requirements_A39-A77/docs/technical_notes/MFRP_next_step_correlated_ellipsoidal_calibration.md,9494,5ebaed6b1885d89a629483c0ea48f4c90c2f28ab211660760c0fabd6a5d72a15
MFRP_Informational_Requirements_A39-A77/docs/technical_notes/MFRP_next_step_cost_regularized_finite_cap.md,8780,5cfcc3753ed42af5f261339876e54a95f182c75f34ee5c88962ca02305ffacc6
MFRP_Informational_Requirements_A39-A77/docs/technical_notes/MFRP_next_step_coupled_second_third_anchor.md,9474,0e0df42ed4eec702144dea6607df4bfe4c0981dc423c240affc9ffd140fc0990
MFRP_Informational_Requirements_A39-A77/docs/technical_notes/MFRP_next_step_cramer_chebyshev_reduction.md,13486,805e3054fa880898094c8f2b5fbcaa2be0304245c565c41ba973e801d16916c3
MFRP_Informational_Requirements_A39-A77/docs/technical_notes/MFRP_next_step_direct_q_minimax_design.md,13145,c8473083a53ca49e5bad4ebdd5ad4c9bd930df287e38fcf52aa9cc5d33abe21c
MFRP_Informational_Requirements_A39-A77/docs/technical_notes/MFRP_next_step_dual_envelope_channel_value.md,11089,363928c80a2cd950355a35dec209a7a2095c9f3259a54c2005c2b0a459135cbe
MFRP_Informational_Requirements_A39-A77/docs/technical_notes/MFRP_next_step_exact_global_phase_theorems.md,12710,53a453b1ba05ac2c09c692e7953cc1f4a6ae093e4a3620d567a5d027c235d69f
MFRP_Informational_Requirements_A39-A77/docs/technical_notes/MFRP_next_step_expanded_anchor_catalogue.md,10260,79f2dbd521fab7ce6ed04e6e34354fcdad0ee2134395fd926c6787b68077830c
MFRP_Informational_Requirements_A39-A77/docs/technical_notes/MFRP_next_step_finite_budget_design.md,13396,6c1252a8edb5e14fde5345b30a1ee5805ebc6c16fcf72aa2ed42643c81a28dcc
MFRP_Informational_Requirements_A39-A77/docs/technical_notes/MFRP_next_step_finite_cap_implementability.md,9376,d175e8bef3be184b1b331bb106b94f6bd9492171c2492bbfea645b73577590b1
MFRP_Informational_Requirements_A39-A77/docs/technical_notes/MFRP_next_step_finite_grid_nonclosure.md,10457,e4ca7bb282889c19bcf8fcbace3486b8f3348aafdb891610324c313fec94a5b8
MFRP_Informational_Requirements_A39-A77/docs/technical_notes/MFRP_next_step_fixed_family_contact_reset.md,8410,811f4598ebb1fc0e53a35910072680c015c62c39588d05eced5078c34823ea53
MFRP_Informational_Requirements_A39-A77/docs/technical_notes/MFRP_next_step_general_covariance_matrix.md,9938,6bcb7616db4720a94293aebb1e5d4338c99c092a12e9e17771e4f265122c288f
MFRP_Informational_Requirements_A39-A77/docs/technical_notes/MFRP_next_step_global_noise_separation_phase_diagram.md,15272,e4fbcd9a8dec891a7a9869691904355e0035140a69b903e58de61938dbb3434d
MFRP_Informational_Requirements_A39-A77/docs/technical_notes/MFRP_next_step_heteroscedastic_third_channel.md,9768,4e1317bec1cbc54b186daf15f91e7f98410cb622dc2b4cb6fb49672b51e79770
MFRP_Informational_Requirements_A39-A77/docs/technical_notes/MFRP_next_step_independent_three_channel_error.md,9324,0819fc6802d3e4e9b6be39cd47610dca77e9f75302ab5418943f3e88e217f74d
MFRP_Informational_Requirements_A39-A77/docs/technical_notes/MFRP_next_step_interval_gamma_bifurcation.md,10604,db54c64d2ab5b7b3b4f0b26f177c5bfd948ab187836f79c29cfa1fcd00c4caf4
MFRP_Informational_Requirements_A39-A77/docs/technical_notes/MFRP_next_step_local_pivot_diamond.md,10232,1ca3809af5a63b8e694ed90f3b15ce8c2669fe5cbe4baf64a97c25e374baf984
MFRP_Informational_Requirements_A39-A77/docs/technical_notes/MFRP_next_step_monotone_refinement.md,17021,0028d746e4752fff6be96e76766f42660badc033a1a53102fc97f4c4d5ad9058
MFRP_Informational_Requirements_A39-A77/docs/technical_notes/MFRP_next_step_noise_separation_boundary_layer.md,15452,09f25410b94b2217b27ee516c27e93816448b2c05fec25d97cca562172cee3de
MFRP_Informational_Requirements_A39-A77/docs/technical_notes/MFRP_next_step_orientation_bifurcation.md,9812,b687fa970fea8a8b5d95426af21f7c95b3b3d15be29426f63e32ca5a351b53cc
MFRP_Informational_Requirements_A39-A77/docs/technical_notes/MFRP_next_step_parity_double_bifurcation.md,12409,acc9f0f7e753bf834d626fb342f7184208b7d70219c4a325d1dc4cc2e76bd3dc
MFRP_Informational_Requirements_A39-A77/docs/technical_notes/MFRP_next_step_positive_noise_phase_diagram.md,14441,3f9521b14d953e91c0cd8532ab880f1947567b57721d6712bc4756d9a9097289
MFRP_Informational_Requirements_A39-A77/docs/technical_notes/MFRP_next_step_robust_interval_data.md,17387,aff7efd8127bcd7f49e24022dbb04941cebbcebc32d4864a806d71fe885822e7
MFRP_Informational_Requirements_A39-A77/docs/technical_notes/MFRP_next_step_scale_normalized_boundary_pair.md,11053,44e0316e7964f6ca6ad6808d22622e5243af9d705a0e02d9da0e3bdebe477fde
MFRP_Informational_Requirements_A39-A77/docs/technical_notes/MFRP_next_step_sharp_prediction_intervals.md,14938,88aa11373b63d4c1343bfa17b3609967c93f59f57e621b978c16a41a5e77c133
MFRP_Informational_Requirements_A39-A77/docs/technical_notes/MFRP_next_step_signed_q_schur_dominance.md,11368,a2926a341778143a54be03be901abb5e45ed8c6f9af48fcb2dbe9b26f7630f7a
MFRP_Informational_Requirements_A39-A77/docs/technical_notes/MFRP_next_step_spectral_covariance_uncertainty.md,8908,083db7a946afc5f93f7dbb1050e118def23bba8aeb3e42fa82e1160accb5e137
MFRP_Informational_Requirements_A39-A77/docs/technical_notes/MFRP_next_step_structural_generalization.md,13087,46971246d7016e423be15f8a729b0224aafa0d1ecabde5d95eeb2fbdf546fc63
MFRP_Informational_Requirements_A39-A77/docs/technical_notes/MFRP_next_step_target_exclusion_distance.md,9939,4bc18d61eaeb59423e9941cb0a9800b5535be24ba4e64c364d7096791ebd039c
MFRP_Informational_Requirements_A39-A77/docs/technical_notes/MFRP_next_step_target_inclusion_degeneracy.md,10383,dc74506cdc9abac716a5d2ef812050d0a426e95dda273fc5b51bd3a78a8000d3
MFRP_Informational_Requirements_A39-A77/docs/technical_notes/MFRP_next_step_universal_continuum_witness.md,10918,e3192a9d2042dbcadeffd8d41aca12acdd92f5f7531c12dae902b122622529f2
MFRP_Informational_Requirements_A39-A77/figures/a47_global_phase_diagram.png,115600,afc59896048f9143dc8f1d8c9aa08d822933c133fd3e1f91478c6806363188c1
MFRP_Informational_Requirements_A39-A77/figures/a51_target_exclusion_distance_risk.png,75820,5ed538f6530b9e9b26cef2c15caba9df79f1ceec8d94fb8db668e37ae550b077
MFRP_Informational_Requirements_A39-A77/figures/a52_continuous_second_anchor_risk.png,77747,94dffe7a110f34ce4244dc6a11271adae03b1fcc5536ff2792b62f4a608baaf2
MFRP_Informational_Requirements_A39-A77/figures/a53_coupled_anchor_risk_curves.png,105708,2d454a28bbf528e86196902c7cc4d69e8338599545ab73c79526ba6cbc721674
MFRP_Informational_Requirements_A39-A77/figures/a54_universal_continuum_witness_band.png,105849,627afc21a70788daeec1aa23b78c67b9ebe87d0670a3edf10480cbe741d41bce
MFRP_Informational_Requirements_A39-A77/figures/a55_finite_cap_absolute_convergence.png,79052,aa419abf52782bf2ddd017fb1285da08f1f52a6126960de9f1336be10990105d
MFRP_Informational_Requirements_A39-A77/figures/a55_finite_cap_relative_convergence.png,79991,104ddb9bc88f445448f9b17c4dab04ef57c7017d4c8890a02ca552d771ebb361
MFRP_Informational_Requirements_A39-A77/figures/a56_break_even_costs.png,78486,ca56a5c59d00a79aed080d56008ca4dd6f1f4dc1b9337d95015edefcd18f93b0
MFRP_Informational_Requirements_A39-A77/figures/a56_cost_selected_cap_policy.png,41971,4f19cf8822918bd777d7fe0c3bf7cebce32adb45be3d664dba80f7e6683b6768
MFRP_Informational_Requirements_A39-A77/figures/a56_risk_complexity_frontier.png,65188,bcc027910dc5ef177ee7230437115251cc8471c05215f6122e48014eab05f173
MFRP_Informational_Requirements_A39-A77/figures/a57_allowed_noise_increase.png,77767,86111451bb137ec79a51a10b5b6e55e34a16d2d14fc863b4528c7d1c85f0bc91
MFRP_Informational_Requirements_A39-A77/figures/a57_upgrade_threshold_map.png,120757,5c21d1b322d258be163d5cd64c20944079ccf78c1d36b98cc8152ad08179a3b0
MFRP_Informational_Requirements_A39-A77/figures/a58_channel_sensitivity_priority.png,52616,1e8ea4800437626d1b240ad9a67faf63dd0ee3d32371ddc91c0ce3b49f00279a
MFRP_Informational_Requirements_A39-A77/figures/a58_individual_error_impacts.png,45739,4b2867e5a3f48f04fa4963b93b0bb4e571f7289fe6c29b95467cc2e87375ab93
MFRP_Informational_Requirements_A39-A77/figures/a59_exact_vs_linear_correlation.png,97701,39bc7739c97ff4129ddf8c7e1504f711ccc4c8760415d674ff700ed15379b876
MFRP_Informational_Requirements_A39-A77/figures/a59_risk_vs_correlation.png,79324,b9fbb42952c7470ffc198da0bc55b6a8cf1cf1154575459f70bca9d1f724ad2b
MFRP_Informational_Requirements_A39-A77/figures/a59_worst_direction_vs_correlation.png,95562,2e5f754749fca6dba14c313ff41e4201e381552ef0077270ccdacf9b657bc8cd
MFRP_Informational_Requirements_A39-A77/figures/a60_covariance_contributions.png,72748,d354870470db687ae89ceef39a031b55e26e2da298a147974e4b03499294d4b2
MFRP_Informational_Requirements_A39-A77/figures/a60_general_covariance_risks.png,87884,a40a8bb019c8fd8e2fb84b7751cc4b183cb4f9b434bcaefb81730f7225e642ef
MFRP_Informational_Requirements_A39-A77/figures/a60_general_covariance_worst_vectors.png,87852,9ccffbad74961dffbba26e97c04bf49433e19bb8e7c3c45ead7439c9c1d68e3c
MFRP_Informational_Requirements_A39-A77/figures/a61_covariance_uncertainty_premium.png,64994,f4a6472d1cf62d57b2405ce74b74c15e2843e09bb977f701462e7380e8fe13ab
MFRP_Informational_Requirements_A39-A77/figures/a61_spectral_risk_interval.png,102191,e0c221ccfd77245149ae5e74dd9f060a48c2b9405364fa9949846f7eb2d3e50f
MFRP_Informational_Requirements_A39-A77/figures/a61_worst_vector_vs_tau.png,92083,0a4076fe3d53213930a10c78750c471120f7eedf59bc6bbcaec2c9acb05a793d
MFRP_Informational_Requirements_A39-A77/figures/a62_bootstrap_coverage_validation.png,117044,699c5da9a35a2095d2053893185cd78805b19d8147c063d5d3ed1fda72173306
MFRP_Informational_Requirements_A39-A77/figures/a62_contract_availability.png,111559,fca4ffc41f85098b96f2ded6e4e931ecd83a142135fe77120c0a02bf77fcf9d7
MFRP_Informational_Requirements_A39-A77/figures/a62_required_inflation_factors.png,97129,a9aef95a57878e91e2fc45e30f649f8ec7c705868f656a041c177e66f536c8fd
MFRP_Informational_Requirements_A39-A77/figures/a63_noisy_anchor_atlas.png,80832,7ba36cd3ce701cab17a1f428526fccf51c16da8afcbe9b5d1826cbb7190ddd93
MFRP_Informational_Requirements_A39-A77/figures/a63_noisy_third_anchor_offsets.png,125583,13e1a99b67cc3b1f65bb89352be4b39c5b898362b586d3b5eadea9c979ea6f01
MFRP_Informational_Requirements_A39-A77/figures/a63_risk_vs_support_size.png,115545,9316324dc62cf2dc0097c2339cc2bc296e4381de39d8ee5963979001e82e9619
MFRP_Informational_Requirements_A39-A77/figures/a64_boundary_pair_counts.png,77000,7289be6874096175eaad99e820a508b8e6c7cea1cdf3bdf47d5ab43a0016f214
MFRP_Informational_Requirements_A39-A77/figures/a64_normalized_third_anchor_offsets.png,73944,33e0539492b9d31cfb16ea5bfb08a5301c71cb65e954f850ec89172b90409746
MFRP_Informational_Requirements_A39-A77/figures/a64_target_translation_alignment.png,39497,e49065aaaebe33674c7b92fd308ada1b0431355cf335708a4eda51de0acdba1b
MFRP_Informational_Requirements_A39-A77/figures/a65_boundary_sensitivity_distribution.png,44641,491457f456f4f76bf6782652b411ce12dc50d771b883ee15d5ac184e4741003d
MFRP_Informational_Requirements_A39-A77/figures/a65_continuous_grid_margins.png,144761,2c0885e6e56b281a043e7a2c10b4e22881eb94fce313ce0bff9f1a42134a5a3b
MFRP_Informational_Requirements_A39-A77/figures/a65_local_certificate_coverage.png,79779,08f132d0c8bd6efb40f8bb7f959f4761f99a07cb2e6b635dfa278820bcb5922b
MFRP_Informational_Requirements_A39-A77/figures/a65_representative_first_anchor_curves.png,153523,893c105c95fe699bbc38cec23ceef4cd639b88405fa92361ff5fa0062ea8e0bf
MFRP_Informational_Requirements_A39-A77/figures/a66_canonical_global_monotonicity.png,90907,38eda9d16c6eb3ea097640c47a831bb0f1d170d678670b5d35a22197eb517492
MFRP_Informational_Requirements_A39-A77/figures/a66_canonical_phase_map.png,34502,cfe8e9f6e8d0bea3b8e92fbbd07f6fe553bb5b0644cf26bd5b6b7347b23f1a15
MFRP_Informational_Requirements_A39-A77/figures/a66_degenerate_global_monotonicity.png,85256,d3e2272d8c8d053daf5b72be82415f19899ddca30c9e2ae1db484695fbe58e42
MFRP_Informational_Requirements_A39-A77/figures/a67_risk_vs_support_size.png,78578,443e2de5b5e561d563cc126fd3e0046db0c1e95aa26850df7e0ce1428b36e8f4
MFRP_Informational_Requirements_A39-A77/figures/a67_support_family_phase_counts.png,40778,a135eefeead2d8da85a04edb76e8ce58fed3e310adbd96b6c35b9a69e3581787
MFRP_Informational_Requirements_A39-A77/figures/a67_support_family_risk_curves.png,118966,1f61491d64744a314060dcc93ab041df61e0b2cefaf5ee7b7c55325d424abe68
MFRP_Informational_Requirements_A39-A77/figures/a67_support_family_transition_map.png,61556,0423abc70ac168283858cbc86d2facd9ea0dfad29c127c9f04a649522d326c49
MFRP_Informational_Requirements_A39-A77/figures/a68_dual_channel_activity.png,44464,e874e5ce87f31ec38d15d966c34236525b4ab9bdf6ce47c25e3d51bda900db60
MFRP_Informational_Requirements_A39-A77/figures/a68_first_channel_removal_risk.png,79235,42c369d062596ca628f97fd036306ace126f0ab3b31198ef7b345a51e8262211
MFRP_Informational_Requirements_A39-A77/figures/a68_first_channel_value_multiplier.png,68734,4a80461094a3d91a136a8938280b561e2cd60afac7eccf09740242ccea50b696
MFRP_Informational_Requirements_A39-A77/figures/a69_contact_signature_counts.png,51448,97cc60256b80b3e5cdebe791c1ce8597f8d774e8b647fb8eea414180966edd66
MFRP_Informational_Requirements_A39-A77/figures/a69_cramer_orientation_map.png,61290,0673636723c3c00e7bebd3ae1c5d884dd3722282e9e04bd91d1a363a75e3a5aa
MFRP_Informational_Requirements_A39-A77/figures/a69_numerator_flip_margins.png,51408,033a87b5a073064a403a00759970846ff90b58fc6a770db1e03df2cd3489d237
MFRP_Informational_Requirements_A39-A77/figures/a69_order_only_counterexample.png,45707,9933050ed0c747b2abbd248f18beaa78d7499fe10d0496ab86fed3ccc5f385b8
MFRP_Informational_Requirements_A39-A77/figures/a70_minor_class_counts.png,59582,6bd245347ac70daea12a8e5101b559407d6e45290614336a34d30f51e16fc58b
MFRP_Informational_Requirements_A39-A77/figures/a70_phase_dominance_ratios.png,72821,b7fe509bd210545e6a00a8bee1540f16de72766c4c51e0d62a7f1ca5beafd538
MFRP_Informational_Requirements_A39-A77/figures/a70_signed_term_counts.png,67381,21d5ecf601f16deaaf18e572342515012407fa3a7aaf0ca1a8231bf4b1b1a7fc
MFRP_Informational_Requirements_A39-A77/figures/a70_weakest_dominance_phase.png,52214,5847474a41dc742a8b67eb6f7b1d9865763c878a07f573f591bd1ad5b2686de2
MFRP_Informational_Requirements_A39-A77/figures/a71_M10_exact_catalogue_top10.png,55137,4c57990e5d698312b0e45bcf78e422fecbc0ef7c3316447f539b526782f51595
MFRP_Informational_Requirements_A39-A77/figures/a71_M10_global_risk_curve.png,78646,4f26abe471cac6b20d921012c1b55bbd3267e7a979b9ffb31c205985a8eea187
MFRP_Informational_Requirements_A39-A77/figures/a71_M10_phase_map.png,31362,454369fca20a3e2c53a1418fef1a8a9731b8bbe1933a7090563b26e8a369f0de
MFRP_Informational_Requirements_A39-A77/figures/a71_weak_signature_bifurcation.png,82454,1c01f019ac6ac810ff6f53999587b3038175655d22a8296c149c5e18d320eedd
MFRP_Informational_Requirements_A39-A77/figures/a72_exact_catalogue_M11_M12.png,47852,916ee369d8ffb7da03d79f9b8acb23b2c33c5aad4117b3f91486ecc1e0e3db50
MFRP_Informational_Requirements_A39-A77/figures/a72_exact_local_pivot_diamond.png,117081,193ce73c8c6ff74e0d6685f221f9d39b4d75a2618e0fcf376d6fcc6dcdfc08e6
MFRP_Informational_Requirements_A39-A77/figures/a72_M10_M12_global_risk_curves.png,105312,fab946081ef0514e4ff167c3389f64e0defb389299cfa4116d1f185b205e42cf
MFRP_Informational_Requirements_A39-A77/figures/a72_transition_map_M10_M12.png,49211,ddb88c99f87222a59462d0992f6f023cd3850ec4f6874f4b3ffb3a1d06e29247
MFRP_Informational_Requirements_A39-A77/figures/a73_M13_gamma_sign_selection.png,69586,0e66e860f7b697bbc509818f12c0977f8fe33cb7da659f7205d9b2cba2724beb
MFRP_Informational_Requirements_A39-A77/figures/a73_M13_global_risk_curve.png,95062,10e2f8c25ec41ddea5492f14e8cdefa478005db7e70429de9304ce877e1665d4
MFRP_Informational_Requirements_A39-A77/figures/a73_neighbor_classification_by_pivot.png,104862,549ae1d7ccef017cba47ead6eb58b8cb179d1b5aaaeda82d104cf0b4bd0cc370
MFRP_Informational_Requirements_A39-A77/figures/a73_neighbor_classification_by_support.png,69629,b74e02de402aaa57d8679a5a939233cc50f5631914ec71e71d207e605b88ee33
MFRP_Informational_Requirements_A39-A77/figures/a74_gamma_multiplier_common_interval.png,75460,e21b48d35ca3347b51447817fdad8c9b673e53ebcd6e98187e23563026e1136a
MFRP_Informational_Requirements_A39-A77/figures/a74_M13_full_phase_gamma_multipliers.png,76593,441e3af5f10a9c1d73c869de22ad50ad947dc26f994a1d7d115130ed1b35b956
MFRP_Informational_Requirements_A39-A77/figures/a74_M13_M14_phase_complexity.png,36286,b7d19681c607c6b9b69d86486d2141e4ba6ac2f524af026d75d8a6c5cdb0cb8a
MFRP_Informational_Requirements_A39-A77/figures/a74_M14_global_risk_curve.png,83911,b4eb1d687981bfc4debc34a8f3ccce8ad8253db7019f8cc0c957d09d28c81124
MFRP_Informational_Requirements_A39-A77/figures/a75_asymptotic_remainder_bounds.png,52277,3814095d8d3e99e78a00b21cd36e0c1c9b104889900aa7a504e459018d6df78d
MFRP_Informational_Requirements_A39-A77/figures/a75_M15_M16_global_risk_curves.png,89347,e6f714a6c7ac766c9f5a7bab820db4e3dd24cfb2a2e1c9e51d3d191126918f23
MFRP_Informational_Requirements_A39-A77/figures/a75_M15_M16_transition_map.png,50667,848943b183b519423f1f014db783edb30e12fb9b07a67d69109cf01f8274085c
MFRP_Informational_Requirements_A39-A77/figures/a75_support_size_orientation_theorem.png,86668,3def4455c2f9fadef676bac3bb281bcc010aaacf781411e5c6b0ab45824c434d
MFRP_Informational_Requirements_A39-A77/figures/a76_actual_gamma_multiplier_interval.png,99854,164ffc5146ee3da7206d6b6ec8273c31f79300fcfaafa6b1469a17c00eb9721b
MFRP_Informational_Requirements_A39-A77/figures/a76_candidate_vs_actual_signs.png,64438,dda892354b719a1aa24867f07510150f4b40ce8da9bfa14d7c3a5e76970245cb
MFRP_Informational_Requirements_A39-A77/figures/a76_numerical_phase_transition_map.png,68765,0ac7a4d9ebfaecfcbbe3cfc9b17c4f6416d0d63b37d09c88cf2e281b1c214915
MFRP_Informational_Requirements_A39-A77/figures/a76_one_pivot_failure_counts.png,72181,0b08c9bd48a8883bfc37d7822f14841390ad9f56b829976517847587ee561251
MFRP_Informational_Requirements_A39-A77/figures/a77_actual_contact_gamma_reset.png,46756,0b28fa101d26fe53c79d0d273c1fea63746f206491dccfc3cb66b559c1efe46f
MFRP_Informational_Requirements_A39-A77/figures/a77_fixed_family_double_bifurcation.png,85250,29e2f324f8c8322eabf4587278b86543a05611ade22249d30ac455514e495b7d
MFRP_Informational_Requirements_A39-A77/figures/a77_one_pivot_failure_counts.png,70493,aa666107425272cf177f7c74850dd120728dc98e59c47704b1e6e5ca9a4060ff
MFRP_Informational_Requirements_A39-A77/figures/a77_reset_interval_gamma_multipliers.png,83980,f7c45ca220971586ee2f0aedda6b3052b792fdee9081caac31e4a1df31b4d01f
MFRP_Informational_Requirements_A39-A77/FILE_INVENTORY.md,13809,7e8f79622a3528d2e304d4bfd57decb6525ec6705a38c6fc773145f9cffd9e77
MFRP_Informational_Requirements_A39-A77/GITHUB_RELEASE_CHECKLIST.md,610,8a41deb004016d6b7c3bf56b7f15be9461aeac1430e49ca1421018efa8961284
MFRP_Informational_Requirements_A39-A77/LICENSE_NOTICE.md,686,77fa7e2ed61ff0c38febdd85102ba541eb2432dcb2f979ea5ec97fc86f8483b7
MFRP_Informational_Requirements_A39-A77/MANIFEST.json,76274,0efa8f34d53387238bddb9ce64eaf39514f4cf13e70d83f08f753c6a5bf21344
MFRP_Informational_Requirements_A39-A77/MANIFEST.sha256,32162,df7e4f8ccdf4836361ec6dfaf645527b5cba8a1ef3b68626f84ded1a378ba230
MFRP_Informational_Requirements_A39-A77/paper/MFRP-TR-2026-01_Informational_Requirements_v1.1.pdf,421903,1068775641419b73cd08d1c95cb20452616d82d727c330a386e48e16c8210fd3
MFRP_Informational_Requirements_A39-A77/provenance/file_map.json,48941,9c3c43fba51ce09ba62a013a36cd0d6fc69234e262f174241403f7ea9314899c
MFRP_Informational_Requirements_A39-A77/pyproject.toml,292,f369e3d7c80570f804d2655ec00063a40c8337eeaf5d2222236e5a52079c078e
MFRP_Informational_Requirements_A39-A77/README.md,7045,a9bea9d74cda192ac4206c5316e4d90ff67e62ca448b35ad0f52f4171300124b
MFRP_Informational_Requirements_A39-A77/REPRODUCIBILITY.md,2270,fa43e966039d2deb0954cf063cf3d82c9e52de4880974495198e21fac8149315
MFRP_Informational_Requirements_A39-A77/REPRODUCIBILITY_A72_A77.md,743,4bffb2532af1fb64613b8369b3ca674fc7905561e2f3c20aba5d6a60ec059abe
MFRP_Informational_Requirements_A39-A77/requirements.txt,63,f00bb222db389ea883732d1a179a12bc485d1f07f2db0f6d2b2e02b6a7171664
MFRP_Informational_Requirements_A39-A77/requirements-lock.txt,74,c9802682d61bf1c12f5f1f5224eb9281f7ca5583521e0bee4115d4bded11400e
MFRP_Informational_Requirements_A39-A77/results/a39_sharp_prediction_interval_results.json,4220,9265ca2d203717ee4a139c5abf68577f01266a63c2ae7cf47b5ef59d705c3249
MFRP_Informational_Requirements_A39-A77/results/a40_monotone_refinement_results.json,2783,cdcf2320c50d95b8ff2e10d691abea8dbbcb87ed4421fdd7ec2e9f86f6005fcb
MFRP_Informational_Requirements_A39-A77/results/a41_robust_interval_data_results.json,9592,563c8ff50b6dfa574a466c22684cbbc162369cc771d8fd050f15412ac2491f97
MFRP_Informational_Requirements_A39-A77/results/a42_finite_budget_design_results.json,37137,9e83159f596c4a1415dcde392188035acfe42d1e8b73cc83f9a985bfdad1409f
MFRP_Informational_Requirements_A39-A77/results/a43_direct_q_minimax_design_results.json,45774,1d7005b7770bcd1ddb25ab3b00e0b322bcbfff5a621998f6c7e41499cf8f0f69
MFRP_Informational_Requirements_A39-A77/results/a44_continuous_parameter_results.json,5264,72298dd6e576a6982f99234dd897acc7cc7a942ccffa9429028aaa6d7144dd32
MFRP_Informational_Requirements_A39-A77/results/a45_positive_noise_phase_diagram_results.json,10783,55ee618908de35437969087ce86752445cad2b53a75737b3d97347572a7b11ed
MFRP_Informational_Requirements_A39-A77/results/a46_noise_separation_boundary_layer_results.json,7150,ffbc0f8be58bfdb2e7458373fde9e51987710cd2dac1ef8ba7063237942440d5
MFRP_Informational_Requirements_A39-A77/results/a47_global_noise_separation_phase_diagram_results.json,44546,026736fc9f8c46d87c561f1340c9f5ce196e35990da9cba14a5f4c3dafc26841
MFRP_Informational_Requirements_A39-A77/results/a48_target_inclusion_degeneracy_results.json,13803,7fd4fa6e46daf20bdec386c6d56bdc03d7c163e9210507056e7b959251faa60e
MFRP_Informational_Requirements_A39-A77/results/a49_expanded_target_excluding_anchor_catalogue_results.json,418678,3764f3181a824350957685a75998e61154713c6cb6c3377684aeca361203903c
MFRP_Informational_Requirements_A39-A77/results/a50_continuous_first_anchor_results.json,13208,aae01481d91dee279135e04d4c7670f55ce9e4d407e3db39c7e341f8f4dffe51
MFRP_Informational_Requirements_A39-A77/results/a51_target_exclusion_distance_results.json,21520,b42824440f4da207ca4c49e0f0a8ed3ae98dd738c46da6a84b1190c2ddafaa21
MFRP_Informational_Requirements_A39-A77/results/a52_continuous_second_anchor_results.json,14578,fea76ca59d917d50f566678335bded643f291316c13949081ee75cfd15daf76d
MFRP_Informational_Requirements_A39-A77/results/a53_coupled_second_third_anchor_results.json,6631,c59b8a3825bc9927072fea9504ce6735357ff0c849f87e22964a88b830bb1115
MFRP_Informational_Requirements_A39-A77/results/a54_universal_continuum_witness_results.json,15524,a6c65a7f8632928833167161dd0bfc0f18a09cfd39c196feef053424be044f70
MFRP_Informational_Requirements_A39-A77/results/a55_finite_cap_implementability_results.json,19512,e96df359fc3cdbfddc234be6e4b30ba8cca73f66c1990d2a1e0c36d9aeece245
MFRP_Informational_Requirements_A39-A77/results/a56_cost_regularized_finite_cap_results.json,223806,c73fb79ef4a50ac5fabbe0357e8072ea95537f96c9e1009f2bb88b0ab70c65b6
MFRP_Informational_Requirements_A39-A77/results/a57_heteroscedastic_third_channel_results.json,77345,d2701b7c15608a33981fb11f73b71d020abdb49182d505e8ea041e6da256c15f
MFRP_Informational_Requirements_A39-A77/results/a58_independent_three_channel_error_results.json,20667,cadece4f99597a9e46327ebd9dbd15af0b8e03fd43fce036365a5caed6ec38cd
MFRP_Informational_Requirements_A39-A77/results/a59_correlated_ellipsoidal_calibration_results.json,10817,3daf412e75f3f127a795323f6c8d982bf6b9467ef07b75f2e9a8bde21c300af7
MFRP_Informational_Requirements_A39-A77/results/a60_general_covariance_matrix_results.json,16680,596e4f818c1d564ecd1c02641a31b6b0c9ee907775df877d464925c00054074c
MFRP_Informational_Requirements_A39-A77/results/a61_spectral_covariance_uncertainty_results.json,11445,fabb1e8e050429675c5bb08a79ff5707b54eff3023eb3933da189a5f58dafd96
MFRP_Informational_Requirements_A39-A77/results/a62_bootstrap_spectral_protocol_results.json,26957,7e01fd1ba72d1200fa53df71051cd5efcfe89f408d21928a3999709790c76125
MFRP_Informational_Requirements_A39-A77/results/a63_structural_generalization_results.json,102961,d3c9d5c937daacfe023e31c3cd8fe27d6bb0014e5d7eca6fe5eed07607098a80
MFRP_Informational_Requirements_A39-A77/results/a64_scale_normalized_boundary_pair_results.json,319004,9d823ec6f7aa0df70fc56a335c805f23b36a5e969e9677de5ce93cd069362508
MFRP_Informational_Requirements_A39-A77/results/a65_continuous_first_anchor_results.json,9790186,930cf29cbaa96d574a572b87e9091ab097ee1d00e03f196c7486a29bce78f0d4
MFRP_Informational_Requirements_A39-A77/results/a65_continuous_first_anchor_summary.json,539,3f74599dc5bb81c0586b621a7b8ea8b99828e442fce04a43ab1d695a44f8b08b
MFRP_Informational_Requirements_A39-A77/results/a66_exact_global_phase_results.json,104662,7e74a4ea898b5ab640b1022083bcf816f132063fac60762fbffa9fe8d36ca299
MFRP_Informational_Requirements_A39-A77/results/a66_exact_global_phase_summary.json,1210,6049d2a1991e848fedaba5ad67a53b6bb1d9ef7030715add472e0e6e8dc2c978
MFRP_Informational_Requirements_A39-A77/results/a67_central_mean_support_family_results.json,388272,ac7831d183e08c35498e19e77e5a27476dc7c35ae5d8dc71ea1e08437be476ef
MFRP_Informational_Requirements_A39-A77/results/a67_central_mean_support_family_summary.json,1845,47dda8fb661860f5643fdc704d78f822294cd2a6233a4b22481f34418b531eea
MFRP_Informational_Requirements_A39-A77/results/a68_dual_envelope_channel_value_results.json,18942,a9160acd0fa45ad1bcbe3fc3f73f2d983c683b8e9a83c5f1126c945789fd60a2
MFRP_Informational_Requirements_A39-A77/results/a68_dual_envelope_channel_value_summary.json,5318,f4fed9d62f71cd13ca2b4dc2b2d3099e6d6ce8f5289d46c7eacf43d264a69d1a
MFRP_Informational_Requirements_A39-A77/results/a69_cramer_chebyshev_reduction_results.json,68312,4f1942668691097a6412c793c07187cccdf1ecf654ab81e243820b1e62297be2
MFRP_Informational_Requirements_A39-A77/results/a69_cramer_chebyshev_reduction_summary.json,2564,3fa45027ecd52f2380dd585b1723452a25f1459d808ac99b7deed609a11f79d8
MFRP_Informational_Requirements_A39-A77/results/a70_signed_q_schur_dominance_results.json,560008,38f545c440ff56185d527c5907f566e735c6cef72bae36389c539f360c13d773
MFRP_Informational_Requirements_A39-A77/results/a70_signed_q_schur_dominance_summary.json,1235,d373a17fa73277e639b8d82f161f4e3f7a4efabf62c8ab0fd8485e8fd12c98d3
MFRP_Informational_Requirements_A39-A77/results/a71_orientation_bifurcation_results.json,108510,ba2911ef17f870a3421cd5f640a246fa958a0a2e586cf87b6e6a42c3d912c082
MFRP_Informational_Requirements_A39-A77/results/a71_orientation_bifurcation_summary.json,766,c437f1dcdeb8b4c497b62b09900549726895578fc7358b3acd98a93f54913a72
MFRP_Informational_Requirements_A39-A77/results/a72_exact_catalogue_M11.json,847,42486469b4e44bdd87d939567cf1fe1f9cfd6ec4ce27fa1bca8ab515828023aa
MFRP_Informational_Requirements_A39-A77/results/a72_exact_catalogue_M12.json,912,e487f930ec428731056f67699323c8c49b9638231b0653150994829c753cf2b1
MFRP_Informational_Requirements_A39-A77/results/a72_exact_phases_M11.json,89632,0f572b057a5a88103dd0b71332a17d7c83b202fa1c91ed05f1f8f258e79b24d2
MFRP_Informational_Requirements_A39-A77/results/a72_exact_phases_M12.json,98653,1daff14f8fb119cf81627a7150e482096b52f5b75f227a50dde61672ada2e7b8
MFRP_Informational_Requirements_A39-A77/results/a72_local_pivot_diamond_results.json,314803,c17d6b90da9bf8c68beb850df82508a095b4c0cfa18fa63915646806243a44d1
MFRP_Informational_Requirements_A39-A77/results/a72_local_pivot_diamond_summary.json,825,69559eae044f31bcae3f8bc7b29396cab88f8e15fd47c0f82871d5dd7ed4d9cc
MFRP_Informational_Requirements_A39-A77/results/a73_complete_one_pivot_neighborhood_results.json,728559,ccf5979c6ff89ecafc7b143e12ab058ea2fe729aa1d42785ed71f8ea58dddd6e
MFRP_Informational_Requirements_A39-A77/results/a73_complete_one_pivot_neighborhood_summary.json,2701,d55634dfc11fa4b11b75fdd6cbd3145c55629ce57eb3258cb09ea42949c1c9da
MFRP_Informational_Requirements_A39-A77/results/a73_exact_catalogue_M13.json,1228,03ad39a82da6fd7a82a35fec00184243343b7de3b92ffdc86ca2aa03583fda61
MFRP_Informational_Requirements_A39-A77/results/a73_exact_phases_M13.json,140725,c3eedf4a1229a5d427685ccc1cd3724a0e5fe3604cceed855825a42af584be00
MFRP_Informational_Requirements_A39-A77/results/a74_exact_catalogue_M14.json,1293,b73c3ae3c7580e5d8244e0d58f17c76d0a0e3af46fafbe52049f8a3a33369c16
MFRP_Informational_Requirements_A39-A77/results/a74_exact_phases_M14.json,132601,567d3ca2919448deeb3f70be2209e7713608461f30a758996d2e1bb5f4f6b73a
MFRP_Informational_Requirements_A39-A77/results/a74_interval_gamma_bifurcation_results.json,163028,a3f4314721a1f74b8329d5905d7866f95e86f9e874c41a24dc5045c0a926fe6c
MFRP_Informational_Requirements_A39-A77/results/a74_interval_gamma_bifurcation_summary.json,972,acf4fe1fc2d63666bce7747e7a74ded341e2f0cc3789073b423ad4c181bfba7a
MFRP_Informational_Requirements_A39-A77/results/a74_M14_phase_discovery.json,3149,b4f859a478bff820f23d464cdb703d9473b2305efe4f94a20edfb2a3f0c2d8cc
MFRP_Informational_Requirements_A39-A77/results/a75_exact_catalogue_M15.json,1296,7a1a71f1c73bb0536940ef1898f6e072c2c27b6eb957857349d0ba4f6b4cfc5d
MFRP_Informational_Requirements_A39-A77/results/a75_exact_catalogue_M16.json,1353,f63c16f48380f00e3d8bb70cbf364c58021356d4d17bd4091ce26772b3c2fe09
MFRP_Informational_Requirements_A39-A77/results/a75_exact_phases_M15.json,120442,42067eca1ada032221b5aeb996d0cd3a7cbc6fd86585e2c7c0cfc257c30eb144
MFRP_Informational_Requirements_A39-A77/results/a75_exact_phases_M16.json,130419,5d66dbe1009259dc5aef3081a0d9b4bc4e247f155662fb774041932cb59e56a0
MFRP_Informational_Requirements_A39-A77/results/a75_M15_M16_phase_discovery.json,6615,736afb5dadf9cea6fb6a560eaae068514daa83e902614908fd25d041767d7196
MFRP_Informational_Requirements_A39-A77/results/a75_parity_formula_cache.json,10164,6f24a44ff10252020a8dcec80733cecb81924f0172cd97920d911d8e6d351bdf
MFRP_Informational_Requirements_A39-A77/results/a75_parity_orientation_results.json,332815,7043372fbc10e9742c0b30c47af57d605a9e02b986cb238ee00528831bb81987
MFRP_Informational_Requirements_A39-A77/results/a75_parity_orientation_summary.json,1927,15ae9c57acb362193d374d0e240a91d6545e9c0d34ecb53a618d0982345b0417
MFRP_Informational_Requirements_A39-A77/results/a76_active_reentry_results.json,987992,606e1972ede00a357b03a50077f87510270f3c2ca90c6683028048c13255eea8
MFRP_Informational_Requirements_A39-A77/results/a76_active_reentry_summary.json,720,0eacb5841c25c56bab3e3a776ece6c687bb69dc65bc514e846155adcaf25e2c3
MFRP_Informational_Requirements_A39-A77/results/a76_candidate_vs_actual_active_set_summary.json,1333,1142fbc3e3bab0197841bb026bc2fb0ea943fa116f793a481d712848f129fa78
MFRP_Informational_Requirements_A39-A77/results/a76_interval_certificate_results.json,193684,fe3665754b61882905651a8fe2ff79fdb073bd868242f80c83c151d5d1a25ca3
MFRP_Informational_Requirements_A39-A77/results/a76_M21_M23_phase_discovery.json,11570,856cf4ca6cc4e9b5fa4c9f7042f79bb5080864b72ed17dc6a094455d82196e3a
MFRP_Informational_Requirements_A39-A77/results/a76_one_pivot_neighborhood_results.json,714534,e486c456b2395ad7460352ae9933e4a90bd3d5581aa9ccd932b23c5aab328dc4
MFRP_Informational_Requirements_A39-A77/results/a77_contact_family_reset_results.json,2693188,9d3bc899e58ff116acd896a94241380d564ab32d0cab3660748cda0e2933be0f
MFRP_Informational_Requirements_A39-A77/results/a77_contact_family_reset_summary.json,870,88d70bb5005cff8861f3979814f70423e248244fd2f55e6f998e1317c11c9bcc
MFRP_Informational_Requirements_A39-A77/results/a77_fixed_family_parity_formula_cache.json,10982,e4234b7a4d2c45ff765589e48ad4c8879703a5d6284cb57fc20e3d6a5627b82b
MFRP_Informational_Requirements_A39-A77/results/a77_fixed_family_parity_results.json,58310,f039453fab28105e68eac93f7bf28dfa04d393b4707cd7c8a9978268968080ed
MFRP_Informational_Requirements_A39-A77/results/a77_interval_support_M23.json,65278,7ca9400b237ff04b0dee3f7f698543548e379458d3be29f3ec1b7b9f584a5210
MFRP_Informational_Requirements_A39-A77/results/a77_interval_support_M24.json,67912,d40ee914067b4fb986be0b772653142f0dc3cf1c8ad46a27b007b78ceab90675
MFRP_Informational_Requirements_A39-A77/results/a77_interval_support_M25.json,71249,829541e2ca12ea4b7fba160364f94e004e1aecc7675ab1ac0998597e63bdae46
MFRP_Informational_Requirements_A39-A77/results/a77_one_pivot_contact_reset_results.json,2296401,3060f2a83282614c401d5af6e570f25f573e8c1278e3221c442563f935e40688
MFRP_Informational_Requirements_A39-A77/RUNBOOK.md,3132,712eab35fae5ad30daa07852dcd3781991e47296bffde41f90a9c7b5d19fc007
MFRP_Informational_Requirements_A39-A77/RUNBOOK_A72_A77.md,1132,f5c507b80a45f3c51a6f08f86bae51d0b57a4214a51a7ac16e98dd5ccc04fb11
MFRP_Informational_Requirements_A39-A77/templates/a60_covariance_input_template.json,425,30ee323ac903c8ab5a9a769472f8e9342a8e2dc2b937482ff1e5d665e66e7856
MFRP_Informational_Requirements_A39-A77/templates/a61_covariance_confidence_set_template.json,505,1917b95acfd25ae08ffc38aab5d77ad83753608c2c209aee0f89e3f58bcee0ec
MFRP_Informational_Requirements_A39-A77/templates/a62_bootstrap_protocol_template.json,663,581470347a175577a53c38a5465c4f395f70b9dd5313c5badebf2633160fb3ad
MFRP_Informational_Requirements_A39-A77/tests/test_audit_integrity.py,1428,0caf257a6c118b7da3f7a2466df9b9d74250517d6652ec9ae9ac87ae4ac05bb5
MFRP_Informational_Requirements_A39-A77/tools/generate_english_figures.py,33172,6f6c80b19a414071cdd1ed9c2d79df47922009b42e19567f0d6ce17ed89db720
MFRP_Informational_Requirements_A39-A77/tools/materialize_runtime.py,906,2022c36266ed545a454e949293d8779a188eeb907e8eb420559262f608ed1d0a
MFRP_Informational_Requirements_A39-A77/tools/run_all_audits.py,1750,5ee5133ece348747c17025b65ad7c837d37eb0735319ebcc428c8d1ce2d55b88
MFRP_Informational_Requirements_A39-A77/tools/verify_results.py,2009,d5dc53c718a661718412e7d5a272b3f9a5bd50d6851e36c13c816c4621e77aae
MFRP_Informational_Requirements_A39-A77/VERIFICATION_REPORT.json,239,1852a4d06237d51784281695ded5e988a241573a1f8f0f77d09a86842e71146b
MFRP_Informational_Requirements_A39-A77/VERIFICATION_REPORT.md,436,72f6aaaef80913fdee9bad879c96aad23e17ccae83b01385785fe638f5005f06
NOTICE,319,f1155342905f2ac46715e1979757f3431963cefcdec5b4ecc00748032b618dc3
protocols/A08_1.yaml,5854,bce198e14f361669ac14e6816eb5907a6dc24292c1f770f452c8c08279cfed7c
protocols/A09.yaml,4346,6469635173772e7b563b4800d678c8d1fc7dcaa539244c1da1c681bf4eb50b2f
protocols/A10.yaml,4378,eea9e3002bef8ca4945789f0175d3b23b70f0f4ad53a4b839db327a3d0224471
protocols/A18_2.yaml,5309,91def34845f6da58b69b90897041867782ccbf6ee85d0d2891810aa472f395ee
protocols/A19.yaml,5750,a46dc8f0a965eae7ae4ee03347ff92247c11f5b34161fb3ff106b643b729989b
protocols/A23.yaml,6367,8b2db754b098f17bf4beb4d47d1114f5b68374be8c54441a30ef6feffa9c8924
protocols/A24_1.yaml,5614,7ed22400b2a3e87e18f1fe6c6dedfb56a40de71e737d29bdeed5929710dc7127
protocols/A28.yaml,6435,63153d1f9e666eda2a10f8cb93e3c0f28be16506d828156119698001404dc2da
protocols/A31.yaml,5853,afcaecf6274c7b811f2878f2ecb90ad44862bfba807fc012ae9760c8923c32b9
protocols/A32.yaml,6119,ecbc723c1a6ba8f620ecf7e486b2ce8f67a7cc8fd4aaa23d026975212456ae37
protocols/A33.yaml,5903,3cb6ed0aef912f56405d2e76d6c72cbfd625da4e2d05e3146ab45c800a09cabe
protocols/A34.yaml,6187,523821ff14ccb25acf8e5df97ef86f9d16dc315fc013b182a0752ef7f89c447d
protocols/A35.yaml,6558,31c987b639781d9b8ad939c3abd05affb362162d765261a19a7859c57ea695c7
protocols/A36_1.yaml,4365,15e8a4192c949f1be8b2ea4645de784fde922d4720487f3b1dc12b938fb2133b
protocols/A37_1.yaml,7042,596e9804d67b3da6f198a47816d3f9d53b2d06871de9639bab2f539d5ee8a677
protocols/A38_1.yaml,7735,6bd9b1765f69d53e4162a674e38182848cb0c878e780d7653cc6fb27859d6681
protocols/CANONICAL_PROTOCOLS.csv,4157,3bb808807729e6bdd937b75980b91fa016566e9299ef47f192ff88682f5ed1e8
protocols/protocol.schema.json,1871,669b49f0e842b973cce6e5413d9a04a51220c0020e7fdc465189d681fa75d268
protocols/PROTOCOL_SCHEMA.md,1839,56328c761544b97b8a4fa328e711d1baa70cfc104b67712b818b2e07c99c198b
protocols/README.md,1915,20f8428e02e574f85de06a4887b45fd5ea336595e387b21bd012955359b567b9
PYTHON_SYNTAX_CHECK.txt,64,6af73cc317f513cff0facc19e1d821ad1e505b6fa41464955ebeb78c919dc78a
README.md,5007,9c5c38a04b09baa655015ac2b53cf107b8aed96874e1b919e8cbf907b4d04c59
requirements.txt,120,79dd2753d38d411aab2666250c771c952f6a68ab54130e66cc486a19785725ab
tools/validate_foundational_core.py,131,1cf1404ad55af65a31f15759506c350a18d31b434185d1d55783e04b6f45bcfa
tools/validate_foundational_manuscript.py,131,1cf1404ad55af65a31f15759506c350a18d31b434185d1d55783e04b6f45bcfa
tools/validate_manuscript_split.py,3352,2f61cf03abd44f1207459c943cdc5b2d09007a63bb74b8e1f6fde47246cf190a
tools/validate_protocols.py,6714,676cb6efa4496d9328bfd263a28c2947caf715430e2e679d3e803eb6a8aa9be7
tools/validate_reference_review_package.py,6258,5cc2a207489b764d3e7d2c1d7480ff1b2c886486e88b528c31f26fb96989b733
tools/validate_repository.py,1150,a929b821736f0c0080471b52fd12848b6764e78da4e3a30422de209f99b6ccb0
tools/verify_f4_exact_witness.py,2142,f5ce1453872eccc22838957fce72d08928b2279bdbf97f86781d04eee04d1b04
