score,maximum_relabel_error,maximum_affine_probability_error,median_affine_tv,extension_violation_rate,median_extension_log_odds_change,remote_locality_violation_rate,median_remote_tv,median_monotone_warp_tv,median_outlier_log_odds_change
raw,3.3306690738754696e-16,0.6339595187685225,0.2222521082329702,0.0,1.1102230246251565e-16,0.0,0.0,0.049737311959171554,2.220446049250313e-16
min_shift,3.3306690738754696e-16,0.6339595187685225,0.2222521082329702,0.0,1.1102230246251565e-16,0.0,0.0,0.049737311959171554,2.220446049250313e-16
row_zscore,3.3306690738754696e-16,7.771561172376096e-16,5.898059818321144e-17,1.0,0.23282754080407864,0.0,0.0,0.03381694349939679,0.8816254788635615
row_mad,4.440892098500626e-16,1.3322676295501878e-15,6.938893903907228e-17,0.9551666666666667,0.39885735863242433,0.0,0.0,0.041499315443038025,0.2596674514612811
row_rank,1.1102230246251565e-16,0.0,0.0,0.9613333333333334,0.08571428571428585,0.0,0.0,0.0,0.050000000000000266
global_zscore,2.220446049250313e-16,4.440892098500626e-16,5.898059818321144e-17,1.0,0.0469253147282343,1.0,0.20342836642573386,0.04458715520380545,0.5307289670175923
