control,r_star_squared,c_star_squared,labeled_fiber_size,exact_labeled_p,orbit_count,exact_orbit_p
directed_C5,0.2666666666666667,0.21333333333333332,44,1.0,2,1.0
C2_plus_C3,0.0,0.4800000000000001,44,0.45454545454545453,2,0.5
directed_path5,0.16666666666666669,0.43333333333333335,11,1.0,3,1.0
circulant_5_12,0.08333333333333333,0.05000000000000001,216,1.0,5,1.0
bidirectional_C5,0.08333333333333334,0.26666666666666666,216,0.6111111111111112,5,0.6
complement_directed_C5,0.05333333333333334,0.010666666666666663,44,1.0,2,1.0
